pdb	chain	cdr3	vdjdb_epitope	pdb_peptide	match
1ao7	D	CAVTTDSWGKLQF	LLFGPVYV	LLFGYPVYV	different
1ao7	D	CAVTTDSWGKLQF	LLFGFPVYV	LLFGYPVYV	different
1ao7	D	CAVTTDSWGKLQF	MLWGYLQYV	LLFGYPVYV	different
1ao7	D	CAVTTDSWGKLQF	LLFGYPVAV	LLFGYPVYV	different
1ao7	D	CAVTTDSWGKLQF	LLFGKPVYV	LLFGYPVYV	different
1ao7	D	CAVTTDSWGKLQF	LLFGYPVYV	LLFGYPVYV	same
1ao7	D	CAVTTDSWGKLQF	LLFGYPRYV	LLFGYPVYV	different
1ao7	D	CAVTTDSWGKLQF	LGYGFVNYI	LLFGYPVYV	different
1ao7	D	CAVTTDSWGKLQF	LLFGYAVYV	LLFGYPVYV	different
1ao7	E	CASRPGLAGGRPEQYF	LLFGPVYV	LLFGYPVYV	different
1ao7	E	CASRPGLAGGRPEQYF	LLFGFPVYV	LLFGYPVYV	different
1ao7	E	CASRPGLAGGRPEQYF	MLWGYLQYV	LLFGYPVYV	different
1ao7	E	CASRPGLAGGRPEQYF	LLFGYPVAV	LLFGYPVYV	different
1ao7	E	CASRPGLAGGRPEQYF	LLFGKPVYV	LLFGYPVYV	different
1ao7	E	CASRPGLAGGRPEQYF	LLFGYPVYV	LLFGYPVYV	same
1ao7	E	CASRPGLAGGRPEQYF	LLFGYPRYV	LLFGYPVYV	different
1ao7	E	CASRPGLAGGRPEQYF	LGYGFVNYI	LLFGYPVYV	different
1ao7	E	CASRPGLAGGRPEQYF	LLFGYAVYV	LLFGYPVYV	different
1bd2	D	CAAMEGAQKLVF	LLFGYPVYV	LLFGYPVYV	same
1bd2	E	CASSYPGGGFYEQYF	LLFGYPVYV	LLFGYPVYV	same
1d9k	A	CAATGSFNKLTF	GNSHRGAIEWEGIESG	GNSHRGAIEWEGIESG	same
1d9k	E	CAATGSFNKLTF	GNSHRGAIEWEGIESG	GNSHRGAIEWEGIESG	same
1d9k	B	CASGGQGRAEQFF	GNSHRGAIEWEGIESG	GNSHRGAIEWEGIESG	same
1d9k	F	CASGGQGRAEQFF	GNSHRGAIEWEGIESG	GNSHRGAIEWEGIESG	same
1fo0	A	CAMRGDYGGSGNKLIF	SQYYYNSL	INFDFNTI	different
1fo0	A	CAMRGDYGGSGNKLIF	INFDFNTI	INFDFNTI	same
1fo0	A	CAMRGDYGGSGNKLIF	RGYVYQGL	INFDFNTI	different
1fyt	D	CAVSESPFGNEKLTF	PKYVKQNTLKLAT	PKYVKQNTLKLAT	same
1fyt	E	CASSSTGLPYGYTF	PKYVKQNTLKLAT	PKYVKQNTLKLAT	same
1g6r	A	CAVSGFASALTF	SIYRYYGL	SIYRYYGL	same
1g6r	A	CAVSGFASALTF	EQYKFYSV	SIYRYYGL	different
1g6r	A	CAVSGFASALTF	QLSPFPFDL	SIYRYYGL	different
1g6r	C	CAVSGFASALTF	SIYRYYGL	SIYRYYGL	same
1g6r	C	CAVSGFASALTF	EQYKFYSV	SIYRYYGL	different
1g6r	C	CAVSGFASALTF	QLSPFPFDL	SIYRYYGL	different
1g6r	B	CASGGGGTLYF	SIYRYYGL	SIYRYYGL	same
1g6r	B	CASGGGGTLYF	EQYKFYSV	SIYRYYGL	different
1g6r	B	CASGGGGTLYF	GGAPWNPAMMI	SIYRYYGL	different
1g6r	B	CASGGGGTLYF	QLSPFPFDL	SIYRYYGL	different
1g6r	D	CASGGGGTLYF	SIYRYYGL	SIYRYYGL	same
1g6r	D	CASGGGGTLYF	EQYKFYSV	SIYRYYGL	different
1g6r	D	CASGGGGTLYF	GGAPWNPAMMI	SIYRYYGL	different
1g6r	D	CASGGGGTLYF	QLSPFPFDL	SIYRYYGL	different
1j8h	D	CAVSESPFGNEKLTF	PKYVKQNTLKLAT	PKYVKQNTLKLAT	same
1j8h	E	CASSSTGLPYGYTF	PKYVKQNTLKLAT	PKYVKQNTLKLAT	same
1kj2	A	CAARYQGGRALIF	KVITFIDL	KVITFIDL	same
1kj2	D	CAARYQGGRALIF	KVITFIDL	KVITFIDL	same
1lp9	F	CASSDWVSYEQYF	ALWGFFPVL	ALWGFFPVL	same
1lp9	M	CASSDWVSYEQYF	ALWGFFPVL	ALWGFFPVL	same
1mi5	E	CASSLGQAYEQYF	EEYLQAFTY	FLRGRAYGL	different
1mi5	E	CASSLGQAYEQYF	EEYLKAWTF	FLRGRAYGL	different
1mi5	E	CASSLGQAYEQYF	FLRGRAYGL	FLRGRAYGL	same
1mwa	A	CAVSGFASALTF	SIYRYYGL	EQYKFYSV	different
1mwa	A	CAVSGFASALTF	EQYKFYSV	EQYKFYSV	same
1mwa	A	CAVSGFASALTF	QLSPFPFDL	EQYKFYSV	different
1mwa	C	CAVSGFASALTF	SIYRYYGL	EQYKFYSV	different
1mwa	C	CAVSGFASALTF	EQYKFYSV	EQYKFYSV	same
1mwa	C	CAVSGFASALTF	QLSPFPFDL	EQYKFYSV	different
1mwa	B	CASGGGGTLYF	SIYRYYGL	EQYKFYSV	different
1mwa	B	CASGGGGTLYF	EQYKFYSV	EQYKFYSV	same
1mwa	B	CASGGGGTLYF	GGAPWNPAMMI	EQYKFYSV	different
1mwa	B	CASGGGGTLYF	QLSPFPFDL	EQYKFYSV	different
1mwa	D	CASGGGGTLYF	SIYRYYGL	EQYKFYSV	different
1mwa	D	CASGGGGTLYF	EQYKFYSV	EQYKFYSV	same
1mwa	D	CASGGGGTLYF	GGAPWNPAMMI	EQYKFYSV	different
1mwa	D	CASGGGGTLYF	QLSPFPFDL	EQYKFYSV	different
1nam	A	CAMRGDYGGSGNKLIF	SQYYYNSL	RGYVYQGL	different
1nam	A	CAMRGDYGGSGNKLIF	INFDFNTI	RGYVYQGL	different
1nam	A	CAMRGDYGGSGNKLIF	RGYVYQGL	RGYVYQGL	same
1oga	D	CAGAGSQGNLIF	GILEFVFTL	GILGFVFTL	different
1oga	D	CAGAGSQGNLIF	GILGLVFTL	GILGFVFTL	different
1oga	D	CAGAGSQGNLIF	PKYVKQNTLKLAT	GILGFVFTL	different
1oga	D	CAGAGSQGNLIF	GILGFVFTL	GILGFVFTL	same
1oga	E	CASSSRSSYEQYF	GILGLVFTL	GILGFVFTL	different
1oga	E	CASSSRSSYEQYF	PKYVKQNTLKLAT	GILGFVFTL	different
1oga	E	CASSSRSSYEQYF	GILGFVFTL	GILGFVFTL	same
1qrn	D	CAVTTDSWGKLQF	LLFGPVYV	LLFGYAVYV	different
1qrn	D	CAVTTDSWGKLQF	LLFGFPVYV	LLFGYAVYV	different
1qrn	D	CAVTTDSWGKLQF	MLWGYLQYV	LLFGYAVYV	different
1qrn	D	CAVTTDSWGKLQF	LLFGYPVAV	LLFGYAVYV	different
1qrn	D	CAVTTDSWGKLQF	LLFGKPVYV	LLFGYAVYV	different
1qrn	D	CAVTTDSWGKLQF	LLFGYPVYV	LLFGYAVYV	different
1qrn	D	CAVTTDSWGKLQF	LLFGYPRYV	LLFGYAVYV	different
1qrn	D	CAVTTDSWGKLQF	LGYGFVNYI	LLFGYAVYV	different
1qrn	D	CAVTTDSWGKLQF	LLFGYAVYV	LLFGYAVYV	same
1qrn	E	CASRPGLAGGRPEQYF	LLFGPVYV	LLFGYAVYV	different
1qrn	E	CASRPGLAGGRPEQYF	LLFGFPVYV	LLFGYAVYV	different
1qrn	E	CASRPGLAGGRPEQYF	MLWGYLQYV	LLFGYAVYV	different
1qrn	E	CASRPGLAGGRPEQYF	LLFGYPVAV	LLFGYAVYV	different
1qrn	E	CASRPGLAGGRPEQYF	LLFGKPVYV	LLFGYAVYV	different
1qrn	E	CASRPGLAGGRPEQYF	LLFGYPVYV	LLFGYAVYV	different
1qrn	E	CASRPGLAGGRPEQYF	LLFGYPRYV	LLFGYAVYV	different
1qrn	E	CASRPGLAGGRPEQYF	LGYGFVNYI	LLFGYAVYV	different
1qrn	E	CASRPGLAGGRPEQYF	LLFGYAVYV	LLFGYAVYV	same
1qse	D	CAVTTDSWGKLQF	LLFGPVYV	LLFGYPRYV	different
1qse	D	CAVTTDSWGKLQF	LLFGFPVYV	LLFGYPRYV	different
1qse	D	CAVTTDSWGKLQF	MLWGYLQYV	LLFGYPRYV	different
1qse	D	CAVTTDSWGKLQF	LLFGYPVAV	LLFGYPRYV	different
1qse	D	CAVTTDSWGKLQF	LLFGKPVYV	LLFGYPRYV	different
1qse	D	CAVTTDSWGKLQF	LLFGYPVYV	LLFGYPRYV	different
1qse	D	CAVTTDSWGKLQF	LLFGYPRYV	LLFGYPRYV	same
1qse	D	CAVTTDSWGKLQF	LGYGFVNYI	LLFGYPRYV	different
1qse	D	CAVTTDSWGKLQF	LLFGYAVYV	LLFGYPRYV	different
1qse	E	CASRPGLAGGRPEQYF	LLFGPVYV	LLFGYPRYV	different
1qse	E	CASRPGLAGGRPEQYF	LLFGFPVYV	LLFGYPRYV	different
1qse	E	CASRPGLAGGRPEQYF	MLWGYLQYV	LLFGYPRYV	different
1qse	E	CASRPGLAGGRPEQYF	LLFGYPVAV	LLFGYPRYV	different
1qse	E	CASRPGLAGGRPEQYF	LLFGKPVYV	LLFGYPRYV	different
1qse	E	CASRPGLAGGRPEQYF	LLFGYPVYV	LLFGYPRYV	different
1qse	E	CASRPGLAGGRPEQYF	LLFGYPRYV	LLFGYPRYV	same
1qse	E	CASRPGLAGGRPEQYF	LGYGFVNYI	LLFGYPRYV	different
1qse	E	CASRPGLAGGRPEQYF	LLFGYAVYV	LLFGYPRYV	different
1qsf	D	CAVTTDSWGKLQF	LLFGPVYV	LLFGYPVAV	different
1qsf	D	CAVTTDSWGKLQF	LLFGFPVYV	LLFGYPVAV	different
1qsf	D	CAVTTDSWGKLQF	MLWGYLQYV	LLFGYPVAV	different
1qsf	D	CAVTTDSWGKLQF	LLFGYPVAV	LLFGYPVAV	same
1qsf	D	CAVTTDSWGKLQF	LLFGKPVYV	LLFGYPVAV	different
1qsf	D	CAVTTDSWGKLQF	LLFGYPVYV	LLFGYPVAV	different
1qsf	D	CAVTTDSWGKLQF	LLFGYPRYV	LLFGYPVAV	different
1qsf	D	CAVTTDSWGKLQF	LGYGFVNYI	LLFGYPVAV	different
1qsf	D	CAVTTDSWGKLQF	LLFGYAVYV	LLFGYPVAV	different
1qsf	E	CASRPGLAGGRPEQYF	LLFGPVYV	LLFGYPVAV	different
1qsf	E	CASRPGLAGGRPEQYF	LLFGFPVYV	LLFGYPVAV	different
1qsf	E	CASRPGLAGGRPEQYF	MLWGYLQYV	LLFGYPVAV	different
1qsf	E	CASRPGLAGGRPEQYF	LLFGYPVAV	LLFGYPVAV	same
1qsf	E	CASRPGLAGGRPEQYF	LLFGKPVYV	LLFGYPVAV	different
1qsf	E	CASRPGLAGGRPEQYF	LLFGYPVYV	LLFGYPVAV	different
1qsf	E	CASRPGLAGGRPEQYF	LLFGYPRYV	LLFGYPVAV	different
1qsf	E	CASRPGLAGGRPEQYF	LGYGFVNYI	LLFGYPVAV	different
1qsf	E	CASRPGLAGGRPEQYF	LLFGYAVYV	LLFGYPVAV	different
1u3h	A	CAASANSGTYQRF	SRGGASQYRPSQ	SRGGASQYRPSQ	same
1u3h	E	CAASANSGTYQRF	SRGGASQYRPSQ	SRGGASQYRPSQ	same
1u3h	B	CASGDAGGGYEQYF	SRGGASQYRPSQ	SRGGASQYRPSQ	same
1u3h	F	CASGDAGGGYEQYF	SRGGASQYRPSQ	SRGGASQYRPSQ	same
1ymm	D	CATDTTSGTYKYIF	ENPVVHFFKNIVTP	ENPVVHFFKNIVTP	same
1ymm	D	CATDTTSGTYKYIF	MDFARVHFISALHGSG	ENPVVHFFKNIVTP	different
1zgl	M	CALSGGDSSYKLIF	VHFFKNIVTPRTPG	VHFFKNIVTPRTPG	same
1zgl	Q	CALSGGDSSYKLIF	VHFFKNIVTPRTPG	VHFFKNIVTPRTPG	same
1zgl	S	CALSGGDSSYKLIF	VHFFKNIVTPRTPG	VHFFKNIVTPRTPG	same
1zgl	U	CALSGGDSSYKLIF	VHFFKNIVTPRTPG	VHFFKNIVTPRTPG	same
1zgl	P	CASSLADRVNTEAFF	VHFFKNIVTPRTPG	VHFFKNIVTPRTPG	same
1zgl	R	CASSLADRVNTEAFF	VHFFKNIVTPRTPG	VHFFKNIVTPRTPG	same
1zgl	T	CASSLADRVNTEAFF	VHFFKNIVTPRTPG	VHFFKNIVTPRTPG	same
1zgl	V	CASSLADRVNTEAFF	VHFFKNIVTPRTPG	VHFFKNIVTPRTPG	same
2ak4	D	CALSGFYNTDKLIF	LPEPLGQGQLTAY	LPEPLPQGQLTAY	different
2ak4	D	CALSGFYNTDKLIF	LPEPLPQAQLTAY	LPEPLPQGQLTAY	different
2ak4	D	CALSGFYNTDKLIF	LPEPLPQGGLTAY	LPEPLPQGQLTAY	different
2ak4	D	CALSGFYNTDKLIF	LPEPLPQGQLTGY	LPEPLPQGQLTAY	different
2ak4	D	CALSGFYNTDKLIF	LPEPLPQGQLTAY	LPEPLPQGQLTAY	same
2ak4	D	CALSGFYNTDKLIF	LPEPLPQGQLGAY	LPEPLPQGQLTAY	different
2ak4	D	CALSGFYNTDKLIF	LPEGLPQGQLTAY	LPEPLPQGQLTAY	different
2ak4	D	CALSGFYNTDKLIF	GPEPLPQGQLTAY	LPEPLPQGQLTAY	different
2ak4	D	CALSGFYNTDKLIF	LPEPLPQGQGTAY	LPEPLPQGQLTAY	different
2ak4	I	CALSGFYNTDKLIF	LPEPLGQGQLTAY	LPEPLPQGQLTAY	different
2ak4	I	CALSGFYNTDKLIF	LPEPLPQAQLTAY	LPEPLPQGQLTAY	different
2ak4	I	CALSGFYNTDKLIF	LPEPLPQGGLTAY	LPEPLPQGQLTAY	different
2ak4	I	CALSGFYNTDKLIF	LPEPLPQGQLTGY	LPEPLPQGQLTAY	different
2ak4	I	CALSGFYNTDKLIF	LPEPLPQGQLTAY	LPEPLPQGQLTAY	same
2ak4	I	CALSGFYNTDKLIF	LPEPLPQGQLGAY	LPEPLPQGQLTAY	different
2ak4	I	CALSGFYNTDKLIF	LPEGLPQGQLTAY	LPEPLPQGQLTAY	different
2ak4	I	CALSGFYNTDKLIF	GPEPLPQGQLTAY	LPEPLPQGQLTAY	different
2ak4	I	CALSGFYNTDKLIF	LPEPLPQGQGTAY	LPEPLPQGQLTAY	different
2ak4	N	CALSGFYNTDKLIF	LPEPLGQGQLTAY	LPEPLPQGQLTAY	different
2ak4	N	CALSGFYNTDKLIF	LPEPLPQAQLTAY	LPEPLPQGQLTAY	different
2ak4	N	CALSGFYNTDKLIF	LPEPLPQGGLTAY	LPEPLPQGQLTAY	different
2ak4	N	CALSGFYNTDKLIF	LPEPLPQGQLTGY	LPEPLPQGQLTAY	different
2ak4	N	CALSGFYNTDKLIF	LPEPLPQGQLTAY	LPEPLPQGQLTAY	same
2ak4	N	CALSGFYNTDKLIF	LPEPLPQGQLGAY	LPEPLPQGQLTAY	different
2ak4	N	CALSGFYNTDKLIF	LPEGLPQGQLTAY	LPEPLPQGQLTAY	different
2ak4	N	CALSGFYNTDKLIF	GPEPLPQGQLTAY	LPEPLPQGQLTAY	different
2ak4	N	CALSGFYNTDKLIF	LPEPLPQGQGTAY	LPEPLPQGQLTAY	different
2ak4	T	CALSGFYNTDKLIF	LPEPLGQGQLTAY	LPEPLPQGQLTAY	different
2ak4	T	CALSGFYNTDKLIF	LPEPLPQAQLTAY	LPEPLPQGQLTAY	different
2ak4	T	CALSGFYNTDKLIF	LPEPLPQGGLTAY	LPEPLPQGQLTAY	different
2ak4	T	CALSGFYNTDKLIF	LPEPLPQGQLTGY	LPEPLPQGQLTAY	different
2ak4	T	CALSGFYNTDKLIF	LPEPLPQGQLTAY	LPEPLPQGQLTAY	same
2ak4	T	CALSGFYNTDKLIF	LPEPLPQGQLGAY	LPEPLPQGQLTAY	different
2ak4	T	CALSGFYNTDKLIF	LPEGLPQGQLTAY	LPEPLPQGQLTAY	different
2ak4	T	CALSGFYNTDKLIF	GPEPLPQGQLTAY	LPEPLPQGQLTAY	different
2ak4	T	CALSGFYNTDKLIF	LPEPLPQGQGTAY	LPEPLPQGQLTAY	different
2ak4	E	CASPGLAGEYEQYF	LPEPLGQGQLTAY	LPEPLPQGQLTAY	different
2ak4	E	CASPGLAGEYEQYF	LPEPLPQAQLTAY	LPEPLPQGQLTAY	different
2ak4	E	CASPGLAGEYEQYF	LPEPLPQGGLTAY	LPEPLPQGQLTAY	different
2ak4	E	CASPGLAGEYEQYF	LPEPLPQGQLTGY	LPEPLPQGQLTAY	different
2ak4	E	CASPGLAGEYEQYF	LPEPLPQGQLTAY	LPEPLPQGQLTAY	same
2ak4	E	CASPGLAGEYEQYF	LPEPLPQGQLGAY	LPEPLPQGQLTAY	different
2ak4	E	CASPGLAGEYEQYF	LPEGLPQGQLTAY	LPEPLPQGQLTAY	different
2ak4	E	CASPGLAGEYEQYF	GPEPLPQGQLTAY	LPEPLPQGQLTAY	different
2ak4	E	CASPGLAGEYEQYF	LPEPLPQGQGTAY	LPEPLPQGQLTAY	different
2ak4	J	CASPGLAGEYEQYF	LPEPLGQGQLTAY	LPEPLPQGQLTAY	different
2ak4	J	CASPGLAGEYEQYF	LPEPLPQAQLTAY	LPEPLPQGQLTAY	different
2ak4	J	CASPGLAGEYEQYF	LPEPLPQGGLTAY	LPEPLPQGQLTAY	different
2ak4	J	CASPGLAGEYEQYF	LPEPLPQGQLTGY	LPEPLPQGQLTAY	different
2ak4	J	CASPGLAGEYEQYF	LPEPLPQGQLTAY	LPEPLPQGQLTAY	same
2ak4	J	CASPGLAGEYEQYF	LPEPLPQGQLGAY	LPEPLPQGQLTAY	different
2ak4	J	CASPGLAGEYEQYF	LPEGLPQGQLTAY	LPEPLPQGQLTAY	different
2ak4	J	CASPGLAGEYEQYF	GPEPLPQGQLTAY	LPEPLPQGQLTAY	different
2ak4	J	CASPGLAGEYEQYF	LPEPLPQGQGTAY	LPEPLPQGQLTAY	different
2ak4	P	CASPGLAGEYEQYF	LPEPLGQGQLTAY	LPEPLPQGQLTAY	different
2ak4	P	CASPGLAGEYEQYF	LPEPLPQAQLTAY	LPEPLPQGQLTAY	different
2ak4	P	CASPGLAGEYEQYF	LPEPLPQGGLTAY	LPEPLPQGQLTAY	different
2ak4	P	CASPGLAGEYEQYF	LPEPLPQGQLTGY	LPEPLPQGQLTAY	different
2ak4	P	CASPGLAGEYEQYF	LPEPLPQGQLTAY	LPEPLPQGQLTAY	same
2ak4	P	CASPGLAGEYEQYF	LPEPLPQGQLGAY	LPEPLPQGQLTAY	different
2ak4	P	CASPGLAGEYEQYF	LPEGLPQGQLTAY	LPEPLPQGQLTAY	different
2ak4	P	CASPGLAGEYEQYF	GPEPLPQGQLTAY	LPEPLPQGQLTAY	different
2ak4	P	CASPGLAGEYEQYF	LPEPLPQGQGTAY	LPEPLPQGQLTAY	different
2bnq	D	CAVRPTSGGSYIPTF	SLLMWITQV	SLLMWITQV	same
2bnq	D	CAVRPTSGGSYIPTF	SLLMWITQC	SLLMWITQV	different
2bnq	E	CASSYVGNTGELFF	SLLMWITQV	SLLMWITQV	same
2bnq	E	CASSYVGNTGELFF	SLLMWITQC	SLLMWITQV	different
2bnr	D	CAVRPTSGGSYIPTF	SLLMWITQV	SLLMWITQC	different
2bnr	D	CAVRPTSGGSYIPTF	SLLMWITQC	SLLMWITQC	same
2bnr	E	CASSYVGNTGELFF	SLLMWITQV	SLLMWITQC	different
2bnr	E	CASSYVGNTGELFF	SLLMWITQC	SLLMWITQC	same
2ckb	A	CAVSGFASALTF	SIYRYYGL	EQYKFYSV	different
2ckb	A	CAVSGFASALTF	EQYKFYSV	EQYKFYSV	same
2ckb	A	CAVSGFASALTF	QLSPFPFDL	EQYKFYSV	different
2ckb	C	CAVSGFASALTF	SIYRYYGL	EQYKFYSV	different
2ckb	C	CAVSGFASALTF	EQYKFYSV	EQYKFYSV	same
2ckb	C	CAVSGFASALTF	QLSPFPFDL	EQYKFYSV	different
2ckb	B	CASGGGGTLYF	SIYRYYGL	EQYKFYSV	different
2ckb	B	CASGGGGTLYF	EQYKFYSV	EQYKFYSV	same
2ckb	B	CASGGGGTLYF	GGAPWNPAMMI	EQYKFYSV	different
2ckb	B	CASGGGGTLYF	QLSPFPFDL	EQYKFYSV	different
2ckb	D	CASGGGGTLYF	SIYRYYGL	EQYKFYSV	different
2ckb	D	CASGGGGTLYF	EQYKFYSV	EQYKFYSV	same
2ckb	D	CASGGGGTLYF	GGAPWNPAMMI	EQYKFYSV	different
2ckb	D	CASGGGGTLYF	QLSPFPFDL	EQYKFYSV	different
2e7l	C	CASGGGGTLYF	SIYRYYGL	QLSPFPFDL	different
2e7l	C	CASGGGGTLYF	EQYKFYSV	QLSPFPFDL	different
2e7l	C	CASGGGGTLYF	GGAPWNPAMMI	QLSPFPFDL	different
2e7l	C	CASGGGGTLYF	QLSPFPFDL	QLSPFPFDL	same
2e7l	D	CASGGGGTLYF	SIYRYYGL	QLSPFPFDL	different
2e7l	D	CASGGGGTLYF	EQYKFYSV	QLSPFPFDL	different
2e7l	D	CASGGGGTLYF	GGAPWNPAMMI	QLSPFPFDL	different
2e7l	D	CASGGGGTLYF	QLSPFPFDL	QLSPFPFDL	same
2e7l	A	CAVSHQGRYLTF	QLSPFPFDL	QLSPFPFDL	same
2e7l	B	CAVSHQGRYLTF	QLSPFPFDL	QLSPFPFDL	same
2esv	E	CASSQDRDTQYF	VMAPRTLIL	VMAPRTLIL	same
2f53	D	CAVRPTSGGSYIPTF	SLLMWITQV	SLLMWITQC	different
2f53	D	CAVRPTSGGSYIPTF	SLLMWITQC	SLLMWITQC	same
2f53	E	CASSYVGNTGELFF	SLLMWITQV	SLLMWITQC	different
2f53	E	CASSYVGNTGELFF	SLLMWITQC	SLLMWITQC	same
2f54	D	CAVRPTSGGSYIPTF	SLLMWITQV	SLLMWITQC	different
2f54	D	CAVRPTSGGSYIPTF	SLLMWITQC	SLLMWITQC	same
2f54	K	CAVRPTSGGSYIPTF	SLLMWITQV	SLLMWITQC	different
2f54	K	CAVRPTSGGSYIPTF	SLLMWITQC	SLLMWITQC	same
2f54	E	CASSYVGNTGELFF	SLLMWITQV	SLLMWITQC	different
2f54	E	CASSYVGNTGELFF	SLLMWITQC	SLLMWITQC	same
2f54	L	CASSYVGNTGELFF	SLLMWITQV	SLLMWITQC	different
2f54	L	CASSYVGNTGELFF	SLLMWITQC	SLLMWITQC	same
2gj6	D	CAVTTDSWGKLQF	LLFGPVYV	LLFGKPVYV	different
2gj6	D	CAVTTDSWGKLQF	LLFGFPVYV	LLFGKPVYV	different
2gj6	D	CAVTTDSWGKLQF	MLWGYLQYV	LLFGKPVYV	different
2gj6	D	CAVTTDSWGKLQF	LLFGYPVAV	LLFGKPVYV	different
2gj6	D	CAVTTDSWGKLQF	LLFGKPVYV	LLFGKPVYV	same
2gj6	D	CAVTTDSWGKLQF	LLFGYPVYV	LLFGKPVYV	different
2gj6	D	CAVTTDSWGKLQF	LLFGYPRYV	LLFGKPVYV	different
2gj6	D	CAVTTDSWGKLQF	LGYGFVNYI	LLFGKPVYV	different
2gj6	D	CAVTTDSWGKLQF	LLFGYAVYV	LLFGKPVYV	different
2gj6	E	CASRPGLAGGRPEQYF	LLFGPVYV	LLFGKPVYV	different
2gj6	E	CASRPGLAGGRPEQYF	LLFGFPVYV	LLFGKPVYV	different
2gj6	E	CASRPGLAGGRPEQYF	MLWGYLQYV	LLFGKPVYV	different
2gj6	E	CASRPGLAGGRPEQYF	LLFGYPVAV	LLFGKPVYV	different
2gj6	E	CASRPGLAGGRPEQYF	LLFGKPVYV	LLFGKPVYV	same
2gj6	E	CASRPGLAGGRPEQYF	LLFGYPVYV	LLFGKPVYV	different
2gj6	E	CASRPGLAGGRPEQYF	LLFGYPRYV	LLFGKPVYV	different
2gj6	E	CASRPGLAGGRPEQYF	LGYGFVNYI	LLFGKPVYV	different
2gj6	E	CASRPGLAGGRPEQYF	LLFGYAVYV	LLFGKPVYV	different
2iam	C	CAALIQGAQKLVF	GELIGTLNAAKVPAD	GELIGILNAAKVPAD	different
2iam	C	CAALIQGAQKLVF	GELIGILNAAKVPAD	GELIGILNAAKVPAD	same
2iam	D	CASTYHGTGYF	GELIGTLNAAKVPAD	GELIGILNAAKVPAD	different
2iam	D	CASTYHGTGYF	GELIGILNAAKVPAD	GELIGILNAAKVPAD	same
2ian	D	CAALIQGAQKLVF	GELIGTLNAAKVPAD	GELIGTLNAAKVPAD	same
2ian	D	CAALIQGAQKLVF	GELIGILNAAKVPAD	GELIGTLNAAKVPAD	different
2ian	I	CAALIQGAQKLVF	GELIGTLNAAKVPAD	GELIGTLNAAKVPAD	same
2ian	I	CAALIQGAQKLVF	GELIGILNAAKVPAD	GELIGTLNAAKVPAD	different
2ian	N	CAALIQGAQKLVF	GELIGTLNAAKVPAD	GELIGTLNAAKVPAD	same
2ian	N	CAALIQGAQKLVF	GELIGILNAAKVPAD	GELIGTLNAAKVPAD	different
2ian	S	CAALIQGAQKLVF	GELIGTLNAAKVPAD	GELIGTLNAAKVPAD	same
2ian	S	CAALIQGAQKLVF	GELIGILNAAKVPAD	GELIGTLNAAKVPAD	different
2ian	E	CASTYHGTGYF	GELIGTLNAAKVPAD	GELIGTLNAAKVPAD	same
2ian	E	CASTYHGTGYF	GELIGILNAAKVPAD	GELIGTLNAAKVPAD	different
2ian	J	CASTYHGTGYF	GELIGTLNAAKVPAD	GELIGTLNAAKVPAD	same
2ian	J	CASTYHGTGYF	GELIGILNAAKVPAD	GELIGTLNAAKVPAD	different
2ian	O	CASTYHGTGYF	GELIGTLNAAKVPAD	GELIGTLNAAKVPAD	same
2ian	O	CASTYHGTGYF	GELIGILNAAKVPAD	GELIGTLNAAKVPAD	different
2ian	T	CASTYHGTGYF	GELIGTLNAAKVPAD	GELIGTLNAAKVPAD	same
2ian	T	CASTYHGTGYF	GELIGILNAAKVPAD	GELIGTLNAAKVPAD	different
2j8u	F	CASSDWVSYEQYF	ALWGFFPVL	ALWGFFPVL	same
2j8u	M	CASSDWVSYEQYF	ALWGFFPVL	ALWGFFPVL	same
2jcc	F	CASSDWVSYEQYF	ALWGFFPVL	ALWGFFPVL	same
2jcc	M	CASSDWVSYEQYF	ALWGFFPVL	ALWGFFPVL	same
2nx5	E	CATGTGDSNQPQHF	EPLPQGQLTAY	EPLPQGQLTAY	same
2nx5	J	CATGTGDSNQPQHF	EPLPQGQLTAY	EPLPQGQLTAY	same
2nx5	P	CATGTGDSNQPQHF	EPLPQGQLTAY	EPLPQGQLTAY	same
2nx5	U	CATGTGDSNQPQHF	EPLPQGQLTAY	EPLPQGQLTAY	same
2nx5	D	CAVQASGGSYIPTF	GPQQSFPEQEA	EPLPQGQLTAY	different
2nx5	D	CAVQASGGSYIPTF	EPLPQGQLTAY	EPLPQGQLTAY	same
2nx5	I	CAVQASGGSYIPTF	GPQQSFPEQEA	EPLPQGQLTAY	different
2nx5	I	CAVQASGGSYIPTF	EPLPQGQLTAY	EPLPQGQLTAY	same
2nx5	N	CAVQASGGSYIPTF	GPQQSFPEQEA	EPLPQGQLTAY	different
2nx5	N	CAVQASGGSYIPTF	EPLPQGQLTAY	EPLPQGQLTAY	same
2nx5	T	CAVQASGGSYIPTF	GPQQSFPEQEA	EPLPQGQLTAY	different
2nx5	T	CAVQASGGSYIPTF	EPLPQGQLTAY	EPLPQGQLTAY	same
2oi9	B	CAVSGFASALTF	SIYRYYGL	QLSPFPFDL	different
2oi9	B	CAVSGFASALTF	EQYKFYSV	QLSPFPFDL	different
2oi9	B	CAVSGFASALTF	QLSPFPFDL	QLSPFPFDL	same
2oi9	C	CASGGGGTLYF	SIYRYYGL	QLSPFPFDL	different
2oi9	C	CASGGGGTLYF	EQYKFYSV	QLSPFPFDL	different
2oi9	C	CASGGGGTLYF	GGAPWNPAMMI	QLSPFPFDL	different
2oi9	C	CASGGGGTLYF	QLSPFPFDL	QLSPFPFDL	same
2ol3	A	CAMRGDYGGSGNKLIF	SQYYYNSL	SQYYYNSL	same
2ol3	A	CAMRGDYGGSGNKLIF	INFDFNTI	SQYYYNSL	different
2ol3	A	CAMRGDYGGSGNKLIF	RGYVYQGL	SQYYYNSL	different
2p5e	D	CAVRPLLDGTYIPTF	SLLMWITQC	SLLMWITQC	same
2p5e	E	CASSYLGNTGELFF	SLLMWITQC	SLLMWITQC	same
2p5w	D	CAVRPLLDGTYIPTF	SLLMWITQC	SLLMWITQC	same
2p5w	E	CASSYLGNTGELFF	SLLMWITQC	SLLMWITQC	same
2pxy	B	CASGDASGAETLYF	RGGASQYRPSQ	RGGASQYRPSQ	same
2pye	D	CAVRPLLDGTYIPTF	SLLMWITQC	SLLMWITQC	same
2pye	E	CASSYLGNTGELFF	SLLMWITQC	SLLMWITQC	same
2uwe	F	CASSDWVSYEQYF	ALWGFFPVL	ALWGFFPVL	same
2uwe	M	CASSDWVSYEQYF	ALWGFFPVL	ALWGFFPVL	same
2vlj	D	CAGAGSQGNLIF	GILEFVFTL	GILGFVFTL	different
2vlj	D	CAGAGSQGNLIF	GILGLVFTL	GILGFVFTL	different
2vlj	D	CAGAGSQGNLIF	PKYVKQNTLKLAT	GILGFVFTL	different
2vlj	D	CAGAGSQGNLIF	GILGFVFTL	GILGFVFTL	same
2vlj	E	CASSSRSSYEQYF	GILGLVFTL	GILGFVFTL	different
2vlj	E	CASSSRSSYEQYF	PKYVKQNTLKLAT	GILGFVFTL	different
2vlj	E	CASSSRSSYEQYF	GILGFVFTL	GILGFVFTL	same
2vlk	D	CAGAGSQGNLIF	GILEFVFTL	GILGFVFTL	different
2vlk	D	CAGAGSQGNLIF	GILGLVFTL	GILGFVFTL	different
2vlk	D	CAGAGSQGNLIF	PKYVKQNTLKLAT	GILGFVFTL	different
2vlk	D	CAGAGSQGNLIF	GILGFVFTL	GILGFVFTL	same
2vlk	E	CASSSRSSYEQYF	GILGLVFTL	GILGFVFTL	different
2vlk	E	CASSSRSSYEQYF	PKYVKQNTLKLAT	GILGFVFTL	different
2vlk	E	CASSSRSSYEQYF	GILGFVFTL	GILGFVFTL	same
2vlr	D	CAGAGSQGNLIF	GILEFVFTL	GILGFVFTL	different
2vlr	D	CAGAGSQGNLIF	GILGLVFTL	GILGFVFTL	different
2vlr	D	CAGAGSQGNLIF	PKYVKQNTLKLAT	GILGFVFTL	different
2vlr	D	CAGAGSQGNLIF	GILGFVFTL	GILGFVFTL	same
2vlr	I	CAGAGSQGNLIF	GILEFVFTL	GILGFVFTL	different
2vlr	I	CAGAGSQGNLIF	GILGLVFTL	GILGFVFTL	different
2vlr	I	CAGAGSQGNLIF	PKYVKQNTLKLAT	GILGFVFTL	different
2vlr	I	CAGAGSQGNLIF	GILGFVFTL	GILGFVFTL	same
2vlr	E	CASSSRASYEQYF	GILGFVFTL	GILGFVFTL	same
2vlr	J	CASSSRASYEQYF	GILGFVFTL	GILGFVFTL	same
2xn9	A	CAGAGSQGNLIF	GILEFVFTL	PKYVKQNTLKLAT	different
2xn9	A	CAGAGSQGNLIF	GILGLVFTL	PKYVKQNTLKLAT	different
2xn9	A	CAGAGSQGNLIF	PKYVKQNTLKLAT	PKYVKQNTLKLAT	same
2xn9	A	CAGAGSQGNLIF	GILGFVFTL	PKYVKQNTLKLAT	different
2xn9	B	CASSSRSSYEQYF	GILGLVFTL	PKYVKQNTLKLAT	different
2xn9	B	CASSSRSSYEQYF	PKYVKQNTLKLAT	PKYVKQNTLKLAT	same
2xn9	B	CASSSRSSYEQYF	GILGFVFTL	PKYVKQNTLKLAT	different
2ypl	D	CAVSGGYQKVTF	KAFSPEVIPMF	KAFSPEVIPMF	same
2ypl	E	CASTGSYGYTF	KAFSPEVIPMF	KAFSPEVIPMF	same
2z31	B	CASGDASGGNTLYF	RGGASQYRPSQ	RGGASQYRPSQ	same
3d39	D	CAVTTDSWGKLQF	LLFGPVYV	LLFGPVYV	same
3d39	D	CAVTTDSWGKLQF	LLFGFPVYV	LLFGPVYV	different
3d39	D	CAVTTDSWGKLQF	MLWGYLQYV	LLFGPVYV	different
3d39	D	CAVTTDSWGKLQF	LLFGYPVAV	LLFGPVYV	different
3d39	D	CAVTTDSWGKLQF	LLFGKPVYV	LLFGPVYV	different
3d39	D	CAVTTDSWGKLQF	LLFGYPVYV	LLFGPVYV	different
3d39	D	CAVTTDSWGKLQF	LLFGYPRYV	LLFGPVYV	different
3d39	D	CAVTTDSWGKLQF	LGYGFVNYI	LLFGPVYV	different
3d39	D	CAVTTDSWGKLQF	LLFGYAVYV	LLFGPVYV	different
3d39	E	CASRPGLAGGRPEQYF	LLFGPVYV	LLFGPVYV	same
3d39	E	CASRPGLAGGRPEQYF	LLFGFPVYV	LLFGPVYV	different
3d39	E	CASRPGLAGGRPEQYF	MLWGYLQYV	LLFGPVYV	different
3d39	E	CASRPGLAGGRPEQYF	LLFGYPVAV	LLFGPVYV	different
3d39	E	CASRPGLAGGRPEQYF	LLFGKPVYV	LLFGPVYV	different
3d39	E	CASRPGLAGGRPEQYF	LLFGYPVYV	LLFGPVYV	different
3d39	E	CASRPGLAGGRPEQYF	LLFGYPRYV	LLFGPVYV	different
3d39	E	CASRPGLAGGRPEQYF	LGYGFVNYI	LLFGPVYV	different
3d39	E	CASRPGLAGGRPEQYF	LLFGYAVYV	LLFGPVYV	different
3d3v	D	CAVTTDSWGKLQF	LLFGPVYV	LLFGPVYV	same
3d3v	D	CAVTTDSWGKLQF	LLFGFPVYV	LLFGPVYV	different
3d3v	D	CAVTTDSWGKLQF	MLWGYLQYV	LLFGPVYV	different
3d3v	D	CAVTTDSWGKLQF	LLFGYPVAV	LLFGPVYV	different
3d3v	D	CAVTTDSWGKLQF	LLFGKPVYV	LLFGPVYV	different
3d3v	D	CAVTTDSWGKLQF	LLFGYPVYV	LLFGPVYV	different
3d3v	D	CAVTTDSWGKLQF	LLFGYPRYV	LLFGPVYV	different
3d3v	D	CAVTTDSWGKLQF	LGYGFVNYI	LLFGPVYV	different
3d3v	D	CAVTTDSWGKLQF	LLFGYAVYV	LLFGPVYV	different
3d3v	E	CASRPGLAGGRPEQYF	LLFGPVYV	LLFGPVYV	same
3d3v	E	CASRPGLAGGRPEQYF	LLFGFPVYV	LLFGPVYV	different
3d3v	E	CASRPGLAGGRPEQYF	MLWGYLQYV	LLFGPVYV	different
3d3v	E	CASRPGLAGGRPEQYF	LLFGYPVAV	LLFGPVYV	different
3d3v	E	CASRPGLAGGRPEQYF	LLFGKPVYV	LLFGPVYV	different
3d3v	E	CASRPGLAGGRPEQYF	LLFGYPVYV	LLFGPVYV	different
3d3v	E	CASRPGLAGGRPEQYF	LLFGYPRYV	LLFGPVYV	different
3d3v	E	CASRPGLAGGRPEQYF	LGYGFVNYI	LLFGPVYV	different
3d3v	E	CASRPGLAGGRPEQYF	LLFGYAVYV	LLFGPVYV	different
3dxa	E	CASRYRDDSYNEQFF	EENLLDFVRF	EENLLDFVRF	same
3dxa	J	CASRYRDDSYNEQFF	EENLLDFVRF	EENLLDFVRF	same
3dxa	O	CASRYRDDSYNEQFF	EENLLDFVRF	EENLLDFVRF	same
3e2h	C	CASGGGGTLYF	SIYRYYGL	QLSPFPFDL	different
3e2h	C	CASGGGGTLYF	EQYKFYSV	QLSPFPFDL	different
3e2h	C	CASGGGGTLYF	GGAPWNPAMMI	QLSPFPFDL	different
3e2h	C	CASGGGGTLYF	QLSPFPFDL	QLSPFPFDL	same
3e2h	B	CAVSLERPYLTF	QLSPFPFDL	QLSPFPFDL	same
3e3q	E	CASGGGGTLYF	SIYRYYGL	QLSPFPFDL	different
3e3q	E	CASGGGGTLYF	EQYKFYSV	QLSPFPFDL	different
3e3q	E	CASGGGGTLYF	GGAPWNPAMMI	QLSPFPFDL	different
3e3q	E	CASGGGGTLYF	QLSPFPFDL	QLSPFPFDL	same
3e3q	F	CASGGGGTLYF	SIYRYYGL	QLSPFPFDL	different
3e3q	F	CASGGGGTLYF	EQYKFYSV	QLSPFPFDL	different
3e3q	F	CASGGGGTLYF	GGAPWNPAMMI	QLSPFPFDL	different
3e3q	F	CASGGGGTLYF	QLSPFPFDL	QLSPFPFDL	same
3e3q	e	CASGGGGTLYF	SIYRYYGL	QLSPFPFDL	different
3e3q	e	CASGGGGTLYF	EQYKFYSV	QLSPFPFDL	different
3e3q	e	CASGGGGTLYF	GGAPWNPAMMI	QLSPFPFDL	different
3e3q	e	CASGGGGTLYF	QLSPFPFDL	QLSPFPFDL	same
3e3q	J	CASGGGGTLYF	SIYRYYGL	QLSPFPFDL	different
3e3q	J	CASGGGGTLYF	EQYKFYSV	QLSPFPFDL	different
3e3q	J	CASGGGGTLYF	GGAPWNPAMMI	QLSPFPFDL	different
3e3q	J	CASGGGGTLYF	QLSPFPFDL	QLSPFPFDL	same
3e3q	N	CASGGGGTLYF	SIYRYYGL	QLSPFPFDL	different
3e3q	N	CASGGGGTLYF	EQYKFYSV	QLSPFPFDL	different
3e3q	N	CASGGGGTLYF	GGAPWNPAMMI	QLSPFPFDL	different
3e3q	N	CASGGGGTLYF	QLSPFPFDL	QLSPFPFDL	same
3e3q	S	CASGGGGTLYF	SIYRYYGL	QLSPFPFDL	different
3e3q	S	CASGGGGTLYF	EQYKFYSV	QLSPFPFDL	different
3e3q	S	CASGGGGTLYF	GGAPWNPAMMI	QLSPFPFDL	different
3e3q	S	CASGGGGTLYF	QLSPFPFDL	QLSPFPFDL	same
3e3q	W	CASGGGGTLYF	SIYRYYGL	QLSPFPFDL	different
3e3q	W	CASGGGGTLYF	EQYKFYSV	QLSPFPFDL	different
3e3q	W	CASGGGGTLYF	GGAPWNPAMMI	QLSPFPFDL	different
3e3q	W	CASGGGGTLYF	QLSPFPFDL	QLSPFPFDL	same
3e3q	a	CASGGGGTLYF	SIYRYYGL	QLSPFPFDL	different
3e3q	a	CASGGGGTLYF	EQYKFYSV	QLSPFPFDL	different
3e3q	a	CASGGGGTLYF	GGAPWNPAMMI	QLSPFPFDL	different
3e3q	a	CASGGGGTLYF	QLSPFPFDL	QLSPFPFDL	same
3e3q	D	CAVSDPPPLLTF	QLSPFPFDL	QLSPFPFDL	same
3e3q	C	CAVSDPPPLLTF	QLSPFPFDL	QLSPFPFDL	same
3e3q	d	CAVSDPPPLLTF	QLSPFPFDL	QLSPFPFDL	same
3e3q	I	CAVSDPPPLLTF	QLSPFPFDL	QLSPFPFDL	same
3e3q	M	CAVSDPPPLLTF	QLSPFPFDL	QLSPFPFDL	same
3e3q	R	CAVSDPPPLLTF	QLSPFPFDL	QLSPFPFDL	same
3e3q	V	CAVSDPPPLLTF	QLSPFPFDL	QLSPFPFDL	same
3e3q	Z	CAVSDPPPLLTF	QLSPFPFDL	QLSPFPFDL	same
3ffc	D	CAMREDTGNQFYF	FLRGRAYGL	FLRGRAYGL	same
3ffc	I	CAMREDTGNQFYF	FLRGRAYGL	FLRGRAYGL	same
3ffc	E	CASSFTWTSGGATDTQYF	FLRGRAYGL	FLRGRAYGL	same
3ffc	J	CASSFTWTSGGATDTQYF	FLRGRAYGL	FLRGRAYGL	same
3gsn	A	CARNTGNQFYF	NLVPMVATV	NLVPMVATV	same
3gsn	A	CARNTGNQFYF	GILGFVFTL	NLVPMVATV	different
3gsn	B	CASSPVTGGIYGYTF	NLVPMVATV	NLVPMVATV	same
3h9s	D	CAVTTDSWGKLQF	LLFGPVYV	MLWGYLQYV	different
3h9s	D	CAVTTDSWGKLQF	LLFGFPVYV	MLWGYLQYV	different
3h9s	D	CAVTTDSWGKLQF	MLWGYLQYV	MLWGYLQYV	same
3h9s	D	CAVTTDSWGKLQF	LLFGYPVAV	MLWGYLQYV	different
3h9s	D	CAVTTDSWGKLQF	LLFGKPVYV	MLWGYLQYV	different
3h9s	D	CAVTTDSWGKLQF	LLFGYPVYV	MLWGYLQYV	different
3h9s	D	CAVTTDSWGKLQF	LLFGYPRYV	MLWGYLQYV	different
3h9s	D	CAVTTDSWGKLQF	LGYGFVNYI	MLWGYLQYV	different
3h9s	D	CAVTTDSWGKLQF	LLFGYAVYV	MLWGYLQYV	different
3h9s	E	CASRPGLAGGRPEQYF	LLFGPVYV	MLWGYLQYV	different
3h9s	E	CASRPGLAGGRPEQYF	LLFGFPVYV	MLWGYLQYV	different
3h9s	E	CASRPGLAGGRPEQYF	MLWGYLQYV	MLWGYLQYV	same
3h9s	E	CASRPGLAGGRPEQYF	LLFGYPVAV	MLWGYLQYV	different
3h9s	E	CASRPGLAGGRPEQYF	LLFGKPVYV	MLWGYLQYV	different
3h9s	E	CASRPGLAGGRPEQYF	LLFGYPVYV	MLWGYLQYV	different
3h9s	E	CASRPGLAGGRPEQYF	LLFGYPRYV	MLWGYLQYV	different
3h9s	E	CASRPGLAGGRPEQYF	LGYGFVNYI	MLWGYLQYV	different
3h9s	E	CASRPGLAGGRPEQYF	LLFGYAVYV	MLWGYLQYV	different
3hg1	D	CAVNVAGKSTF	AAGIGILTV	ELAGIGILTV	different
3hg1	D	CAVNVAGKSTF	NLSALGIFST	ELAGIGILTV	different
3hg1	D	CAVNVAGKSTF	LLLGIGILVL	ELAGIGILTV	different
3hg1	D	CAVNVAGKSTF	ELAGIGILTV	ELAGIGILTV	same
3hg1	D	CAVNVAGKSTF	EAAGIGILTV	ELAGIGILTV	different
3hg1	E	CAWSETGLGTGELFF	AAGIGILTV	ELAGIGILTV	different
3hg1	E	CAWSETGLGTGELFF	NLSALGIFST	ELAGIGILTV	different
3hg1	E	CAWSETGLGTGELFF	LLLGIGILVL	ELAGIGILTV	different
3hg1	E	CAWSETGLGTGELFF	ELAGIGILTV	ELAGIGILTV	same
3hg1	E	CAWSETGLGTGELFF	EAAGIGILTV	ELAGIGILTV	different
3kpr	E	CASSLGQAYEQYF	EEYLQAFTY	EEYLKAWTF	different
3kpr	E	CASSLGQAYEQYF	EEYLKAWTF	EEYLKAWTF	same
3kpr	E	CASSLGQAYEQYF	FLRGRAYGL	EEYLKAWTF	different
3kpr	J	CASSLGQAYEQYF	EEYLQAFTY	EEYLKAWTF	different
3kpr	J	CASSLGQAYEQYF	EEYLKAWTF	EEYLKAWTF	same
3kpr	J	CASSLGQAYEQYF	FLRGRAYGL	EEYLKAWTF	different
3kps	E	CASSLGQAYEQYF	EEYLQAFTY	EEYLQAFTY	same
3kps	E	CASSLGQAYEQYF	EEYLKAWTF	EEYLQAFTY	different
3kps	E	CASSLGQAYEQYF	FLRGRAYGL	EEYLQAFTY	different
3kxf	D	CALSGFYNTDKLIF	LPEPLGQGQLTAY	LPEPLPQGQLTAY	different
3kxf	D	CALSGFYNTDKLIF	LPEPLPQAQLTAY	LPEPLPQGQLTAY	different
3kxf	D	CALSGFYNTDKLIF	LPEPLPQGGLTAY	LPEPLPQGQLTAY	different
3kxf	D	CALSGFYNTDKLIF	LPEPLPQGQLTGY	LPEPLPQGQLTAY	different
3kxf	D	CALSGFYNTDKLIF	LPEPLPQGQLTAY	LPEPLPQGQLTAY	same
3kxf	D	CALSGFYNTDKLIF	LPEPLPQGQLGAY	LPEPLPQGQLTAY	different
3kxf	D	CALSGFYNTDKLIF	LPEGLPQGQLTAY	LPEPLPQGQLTAY	different
3kxf	D	CALSGFYNTDKLIF	GPEPLPQGQLTAY	LPEPLPQGQLTAY	different
3kxf	D	CALSGFYNTDKLIF	LPEPLPQGQGTAY	LPEPLPQGQLTAY	different
3kxf	G	CALSGFYNTDKLIF	LPEPLGQGQLTAY	LPEPLPQGQLTAY	different
3kxf	G	CALSGFYNTDKLIF	LPEPLPQAQLTAY	LPEPLPQGQLTAY	different
3kxf	G	CALSGFYNTDKLIF	LPEPLPQGGLTAY	LPEPLPQGQLTAY	different
3kxf	G	CALSGFYNTDKLIF	LPEPLPQGQLTGY	LPEPLPQGQLTAY	different
3kxf	G	CALSGFYNTDKLIF	LPEPLPQGQLTAY	LPEPLPQGQLTAY	same
3kxf	G	CALSGFYNTDKLIF	LPEPLPQGQLGAY	LPEPLPQGQLTAY	different
3kxf	G	CALSGFYNTDKLIF	LPEGLPQGQLTAY	LPEPLPQGQLTAY	different
3kxf	G	CALSGFYNTDKLIF	GPEPLPQGQLTAY	LPEPLPQGQLTAY	different
3kxf	G	CALSGFYNTDKLIF	LPEPLPQGQGTAY	LPEPLPQGQLTAY	different
3kxf	N	CALSGFYNTDKLIF	LPEPLGQGQLTAY	LPEPLPQGQLTAY	different
3kxf	N	CALSGFYNTDKLIF	LPEPLPQAQLTAY	LPEPLPQGQLTAY	different
3kxf	N	CALSGFYNTDKLIF	LPEPLPQGGLTAY	LPEPLPQGQLTAY	different
3kxf	N	CALSGFYNTDKLIF	LPEPLPQGQLTGY	LPEPLPQGQLTAY	different
3kxf	N	CALSGFYNTDKLIF	LPEPLPQGQLTAY	LPEPLPQGQLTAY	same
3kxf	N	CALSGFYNTDKLIF	LPEPLPQGQLGAY	LPEPLPQGQLTAY	different
3kxf	N	CALSGFYNTDKLIF	LPEGLPQGQLTAY	LPEPLPQGQLTAY	different
3kxf	N	CALSGFYNTDKLIF	GPEPLPQGQLTAY	LPEPLPQGQLTAY	different
3kxf	N	CALSGFYNTDKLIF	LPEPLPQGQGTAY	LPEPLPQGQLTAY	different
3kxf	M	CALSGFYNTDKLIF	LPEPLGQGQLTAY	LPEPLPQGQLTAY	different
3kxf	M	CALSGFYNTDKLIF	LPEPLPQAQLTAY	LPEPLPQGQLTAY	different
3kxf	M	CALSGFYNTDKLIF	LPEPLPQGGLTAY	LPEPLPQGQLTAY	different
3kxf	M	CALSGFYNTDKLIF	LPEPLPQGQLTGY	LPEPLPQGQLTAY	different
3kxf	M	CALSGFYNTDKLIF	LPEPLPQGQLTAY	LPEPLPQGQLTAY	same
3kxf	M	CALSGFYNTDKLIF	LPEPLPQGQLGAY	LPEPLPQGQLTAY	different
3kxf	M	CALSGFYNTDKLIF	LPEGLPQGQLTAY	LPEPLPQGQLTAY	different
3kxf	M	CALSGFYNTDKLIF	GPEPLPQGQLTAY	LPEPLPQGQLTAY	different
3kxf	M	CALSGFYNTDKLIF	LPEPLPQGQGTAY	LPEPLPQGQLTAY	different
3kxf	E	CASPGLAGEYEQYF	LPEPLGQGQLTAY	LPEPLPQGQLTAY	different
3kxf	E	CASPGLAGEYEQYF	LPEPLPQAQLTAY	LPEPLPQGQLTAY	different
3kxf	E	CASPGLAGEYEQYF	LPEPLPQGGLTAY	LPEPLPQGQLTAY	different
3kxf	E	CASPGLAGEYEQYF	LPEPLPQGQLTGY	LPEPLPQGQLTAY	different
3kxf	E	CASPGLAGEYEQYF	LPEPLPQGQLTAY	LPEPLPQGQLTAY	same
3kxf	E	CASPGLAGEYEQYF	LPEPLPQGQLGAY	LPEPLPQGQLTAY	different
3kxf	E	CASPGLAGEYEQYF	LPEGLPQGQLTAY	LPEPLPQGQLTAY	different
3kxf	E	CASPGLAGEYEQYF	GPEPLPQGQLTAY	LPEPLPQGQLTAY	different
3kxf	E	CASPGLAGEYEQYF	LPEPLPQGQGTAY	LPEPLPQGQLTAY	different
3kxf	H	CASPGLAGEYEQYF	LPEPLGQGQLTAY	LPEPLPQGQLTAY	different
3kxf	H	CASPGLAGEYEQYF	LPEPLPQAQLTAY	LPEPLPQGQLTAY	different
3kxf	H	CASPGLAGEYEQYF	LPEPLPQGGLTAY	LPEPLPQGQLTAY	different
3kxf	H	CASPGLAGEYEQYF	LPEPLPQGQLTGY	LPEPLPQGQLTAY	different
3kxf	H	CASPGLAGEYEQYF	LPEPLPQGQLTAY	LPEPLPQGQLTAY	same
3kxf	H	CASPGLAGEYEQYF	LPEPLPQGQLGAY	LPEPLPQGQLTAY	different
3kxf	H	CASPGLAGEYEQYF	LPEGLPQGQLTAY	LPEPLPQGQLTAY	different
3kxf	H	CASPGLAGEYEQYF	GPEPLPQGQLTAY	LPEPLPQGQLTAY	different
3kxf	H	CASPGLAGEYEQYF	LPEPLPQGQGTAY	LPEPLPQGQLTAY	different
3kxf	P	CASPGLAGEYEQYF	LPEPLGQGQLTAY	LPEPLPQGQLTAY	different
3kxf	P	CASPGLAGEYEQYF	LPEPLPQAQLTAY	LPEPLPQGQLTAY	different
3kxf	P	CASPGLAGEYEQYF	LPEPLPQGGLTAY	LPEPLPQGQLTAY	different
3kxf	P	CASPGLAGEYEQYF	LPEPLPQGQLTGY	LPEPLPQGQLTAY	different
3kxf	P	CASPGLAGEYEQYF	LPEPLPQGQLTAY	LPEPLPQGQLTAY	same
3kxf	P	CASPGLAGEYEQYF	LPEPLPQGQLGAY	LPEPLPQGQLTAY	different
3kxf	P	CASPGLAGEYEQYF	LPEGLPQGQLTAY	LPEPLPQGQLTAY	different
3kxf	P	CASPGLAGEYEQYF	GPEPLPQGQLTAY	LPEPLPQGQLTAY	different
3kxf	P	CASPGLAGEYEQYF	LPEPLPQGQGTAY	LPEPLPQGQLTAY	different
3kxf	O	CASPGLAGEYEQYF	LPEPLGQGQLTAY	LPEPLPQGQLTAY	different
3kxf	O	CASPGLAGEYEQYF	LPEPLPQAQLTAY	LPEPLPQGQLTAY	different
3kxf	O	CASPGLAGEYEQYF	LPEPLPQGGLTAY	LPEPLPQGQLTAY	different
3kxf	O	CASPGLAGEYEQYF	LPEPLPQGQLTGY	LPEPLPQGQLTAY	different
3kxf	O	CASPGLAGEYEQYF	LPEPLPQGQLTAY	LPEPLPQGQLTAY	same
3kxf	O	CASPGLAGEYEQYF	LPEPLPQGQLGAY	LPEPLPQGQLTAY	different
3kxf	O	CASPGLAGEYEQYF	LPEGLPQGQLTAY	LPEPLPQGQLTAY	different
3kxf	O	CASPGLAGEYEQYF	GPEPLPQGQLTAY	LPEPLPQGQLTAY	different
3kxf	O	CASPGLAGEYEQYF	LPEPLPQGQGTAY	LPEPLPQGQLTAY	different
3mbe	C	CAAEDGGSGNKLIF	GAMKRHGLDNYRGYSLG	GAMKRHGLDNYRGYSLG	same
3mbe	G	CAAEDGGSGNKLIF	GAMKRHGLDNYRGYSLG	GAMKRHGLDNYRGYSLG	same
3mbe	D	CASSWDRAGNTLYF	GAMKRHGLDNYRGYSLG	GAMKRHGLDNYRGYSLG	same
3mbe	H	CASSWDRAGNTLYF	GAMKRHGLDNYRGYSLG	GAMKRHGLDNYRGYSLG	same
3mv7	D	CAVQDLGTSGSRLTF	HPVGEADYFEY	HPVGEADYFEY	same
3mv7	D	CAVQDLGTSGSRLTF	HPVGDADYFEY	HPVGEADYFEY	different
3mv7	D	CAVQDLGTSGSRLTF	HPVGQADYFEY	HPVGEADYFEY	different
3mv7	E	CASSARSGELFF	HPVGEADYFEY	HPVGEADYFEY	same
3mv7	E	CASSARSGELFF	HPVGDADYFEY	HPVGEADYFEY	different
3mv7	E	CASSARSGELFF	HPVGQADYFEY	HPVGEADYFEY	different
3mv8	D	CAVQDLGTSGSRLTF	HPVGEADYFEY	HPVGEADYFEY	same
3mv8	D	CAVQDLGTSGSRLTF	HPVGDADYFEY	HPVGEADYFEY	different
3mv8	D	CAVQDLGTSGSRLTF	HPVGQADYFEY	HPVGEADYFEY	different
3mv8	E	CASSARSGELFF	HPVGEADYFEY	HPVGEADYFEY	same
3mv8	E	CASSARSGELFF	HPVGDADYFEY	HPVGEADYFEY	different
3mv8	E	CASSARSGELFF	HPVGQADYFEY	HPVGEADYFEY	different
3mv9	D	CAVQDLGTSGSRLTF	HPVGEADYFEY	HPVGEADYFEY	same
3mv9	D	CAVQDLGTSGSRLTF	HPVGDADYFEY	HPVGEADYFEY	different
3mv9	D	CAVQDLGTSGSRLTF	HPVGQADYFEY	HPVGEADYFEY	different
3mv9	E	CASSARSGELFF	HPVGEADYFEY	HPVGEADYFEY	same
3mv9	E	CASSARSGELFF	HPVGDADYFEY	HPVGEADYFEY	different
3mv9	E	CASSARSGELFF	HPVGQADYFEY	HPVGEADYFEY	different
3o4l	D	CAEDNNARLMF	GLCTLVAML	GLCTLVAML	same
3pqy	E	CASSFGREQYF	SSLENFRAYV	SSLENFRAYV	same
3pqy	E	CASSFGREQYF	SSLCNFRAYV	SSLENFRAYV	different
3pqy	J	CASSFGREQYF	SSLENFRAYV	SSLENFRAYV	same
3pqy	J	CASSFGREQYF	SSLCNFRAYV	SSLENFRAYV	different
3pqy	O	CASSFGREQYF	SSLENFRAYV	SSLENFRAYV	same
3pqy	O	CASSFGREQYF	SSLCNFRAYV	SSLENFRAYV	different
3pqy	T	CASSFGREQYF	SSLENFRAYV	SSLENFRAYV	same
3pqy	T	CASSFGREQYF	SSLCNFRAYV	SSLENFRAYV	different
3pwp	D	CAVTTDSWGKLQF	LLFGPVYV	LGYGFVNYI	different
3pwp	D	CAVTTDSWGKLQF	LLFGFPVYV	LGYGFVNYI	different
3pwp	D	CAVTTDSWGKLQF	MLWGYLQYV	LGYGFVNYI	different
3pwp	D	CAVTTDSWGKLQF	LLFGYPVAV	LGYGFVNYI	different
3pwp	D	CAVTTDSWGKLQF	LLFGKPVYV	LGYGFVNYI	different
3pwp	D	CAVTTDSWGKLQF	LLFGYPVYV	LGYGFVNYI	different
3pwp	D	CAVTTDSWGKLQF	LLFGYPRYV	LGYGFVNYI	different
3pwp	D	CAVTTDSWGKLQF	LGYGFVNYI	LGYGFVNYI	same
3pwp	D	CAVTTDSWGKLQF	LLFGYAVYV	LGYGFVNYI	different
3pwp	E	CASRPGLAGGRPEQYF	LLFGPVYV	LGYGFVNYI	different
3pwp	E	CASRPGLAGGRPEQYF	LLFGFPVYV	LGYGFVNYI	different
3pwp	E	CASRPGLAGGRPEQYF	MLWGYLQYV	LGYGFVNYI	different
3pwp	E	CASRPGLAGGRPEQYF	LLFGYPVAV	LGYGFVNYI	different
3pwp	E	CASRPGLAGGRPEQYF	LLFGKPVYV	LGYGFVNYI	different
3pwp	E	CASRPGLAGGRPEQYF	LLFGYPVYV	LGYGFVNYI	different
3pwp	E	CASRPGLAGGRPEQYF	LLFGYPRYV	LGYGFVNYI	different
3pwp	E	CASRPGLAGGRPEQYF	LGYGFVNYI	LGYGFVNYI	same
3pwp	E	CASRPGLAGGRPEQYF	LLFGYAVYV	LGYGFVNYI	different
3qdg	D	CAVNFGGGKLIF	AAGIGILTV	ELAGIGILTV	different
3qdg	D	CAVNFGGGKLIF	ELAGIGILTV	ELAGIGILTV	same
3qdg	D	CAVNFGGGKLIF	MMWDRGLGMM	ELAGIGILTV	different
3qdg	D	CAVNFGGGKLIF	SMLGIGIVPV	ELAGIGILTV	different
3qdg	E	CASSLSFGTEAFF	AAGIGILTV	ELAGIGILTV	different
3qdg	E	CASSLSFGTEAFF	ELAGIGILTV	ELAGIGILTV	same
3qdg	E	CASSLSFGTEAFF	MMWDRGLGMM	ELAGIGILTV	different
3qdg	E	CASSLSFGTEAFF	SMLGIGIVPV	ELAGIGILTV	different
3qdj	D	CAVNFGGGKLIF	AAGIGILTV	AAGIGILTV	same
3qdj	D	CAVNFGGGKLIF	ELAGIGILTV	AAGIGILTV	different
3qdj	D	CAVNFGGGKLIF	MMWDRGLGMM	AAGIGILTV	different
3qdj	D	CAVNFGGGKLIF	SMLGIGIVPV	AAGIGILTV	different
3qdj	E	CASSLSFGTEAFF	AAGIGILTV	AAGIGILTV	same
3qdj	E	CASSLSFGTEAFF	ELAGIGILTV	AAGIGILTV	different
3qdj	E	CASSLSFGTEAFF	MMWDRGLGMM	AAGIGILTV	different
3qdj	E	CASSLSFGTEAFF	SMLGIGIVPV	AAGIGILTV	different
3qdm	D	CAGGTGNQFYF	AAGIGILTV	ELAGIGILTV	different
3qdm	D	CAGGTGNQFYF	ELAGIGILTV	ELAGIGILTV	same
3qdm	E	CAISEVGVGQPQHF	AAGIGILTV	ELAGIGILTV	different
3qdm	E	CAISEVGVGQPQHF	ELAGIGILTV	ELAGIGILTV	same
3qeq	D	CAGGTGNQFYF	AAGIGILTV	AAGIGILTV	same
3qeq	D	CAGGTGNQFYF	ELAGIGILTV	AAGIGILTV	different
3qeq	E	CAISEVGVGQPQHF	AAGIGILTV	AAGIGILTV	same
3qeq	E	CAISEVGVGQPQHF	ELAGIGILTV	AAGIGILTV	different
3qfj	D	CAVTTDSWGKLQF	LLFGPVYV	LLFGFPVYV	different
3qfj	D	CAVTTDSWGKLQF	LLFGFPVYV	LLFGFPVYV	same
3qfj	D	CAVTTDSWGKLQF	MLWGYLQYV	LLFGFPVYV	different
3qfj	D	CAVTTDSWGKLQF	LLFGYPVAV	LLFGFPVYV	different
3qfj	D	CAVTTDSWGKLQF	LLFGKPVYV	LLFGFPVYV	different
3qfj	D	CAVTTDSWGKLQF	LLFGYPVYV	LLFGFPVYV	different
3qfj	D	CAVTTDSWGKLQF	LLFGYPRYV	LLFGFPVYV	different
3qfj	D	CAVTTDSWGKLQF	LGYGFVNYI	LLFGFPVYV	different
3qfj	D	CAVTTDSWGKLQF	LLFGYAVYV	LLFGFPVYV	different
3qfj	E	CASRPGLAGGRPEQYF	LLFGPVYV	LLFGFPVYV	different
3qfj	E	CASRPGLAGGRPEQYF	LLFGFPVYV	LLFGFPVYV	same
3qfj	E	CASRPGLAGGRPEQYF	MLWGYLQYV	LLFGFPVYV	different
3qfj	E	CASRPGLAGGRPEQYF	LLFGYPVAV	LLFGFPVYV	different
3qfj	E	CASRPGLAGGRPEQYF	LLFGKPVYV	LLFGFPVYV	different
3qfj	E	CASRPGLAGGRPEQYF	LLFGYPVYV	LLFGFPVYV	different
3qfj	E	CASRPGLAGGRPEQYF	LLFGYPRYV	LLFGFPVYV	different
3qfj	E	CASRPGLAGGRPEQYF	LGYGFVNYI	LLFGFPVYV	different
3qfj	E	CASRPGLAGGRPEQYF	LLFGYAVYV	LLFGFPVYV	different
3qib	C	CAALRATGGNNKLTF	ADLIAYLKQATKG	ADLIAYLKQATKG	same
3qib	C	CAALRATGGNNKLTF	ADSLSFFSSSIKRGGGSLVP	ADLIAYLKQATKG	different
3qib	C	CAALRATGGNNKLTF	PADPLAFFSSAIKGGGGSLV	ADLIAYLKQATKG	different
3qib	D	CASSLNWSQDTQYF	ADLIAYLKQATKG	ADLIAYLKQATKG	same
3qib	D	CASSLNWSQDTQYF	ADSLSFFSSSIKRGGGSLVP	ADLIAYLKQATKG	different
3qib	D	CASSLNWSQDTQYF	PADPLAFFSSAIKGGGGSLV	ADLIAYLKQATKG	different
3qiu	C	CAAEPSSGQKLVF	ADLIAYLKQATKG	ADLIAYLKQATKG	same
3qiu	C	CAAEPSSGQKLVF	ADLIAYLEQATKG	ADLIAYLKQATKG	different
3qiu	D	CASSLNNANSDYTF	ADLIAYLKQATKG	ADLIAYLKQATKG	same
3qiu	D	CASSLNNANSDYTF	ADLIAYLEQATKG	ADLIAYLKQATKG	different
3qiu	D	CASSLNNANSDYTF	ANGVAFFLTPFKA	ADLIAYLKQATKG	different
3qiu	D	CASSLNNANSDYTF	ADGLAYFRSSFKGG	ADLIAYLKQATKG	different
3qiw	C	CAAEPSSGQKLVF	ADLIAYLKQATKG	ADLIAYLEQATKG	different
3qiw	C	CAAEPSSGQKLVF	ADLIAYLEQATKG	ADLIAYLEQATKG	same
3qiw	D	CASSLNNANSDYTF	ADLIAYLKQATKG	ADLIAYLEQATKG	different
3qiw	D	CASSLNNANSDYTF	ADLIAYLEQATKG	ADLIAYLEQATKG	same
3qiw	D	CASSLNNANSDYTF	ANGVAFFLTPFKA	ADLIAYLEQATKG	different
3qiw	D	CASSLNNANSDYTF	ADGLAYFRSSFKGG	ADLIAYLEQATKG	different
3rgv	B	CASGDFWGDTLYF	WIYVYRPMGCGGS	WIYVYRPMGCGGS	same
3rgv	B	CASGDFWGDTLYF	VSYYGPKTSPVQ	WIYVYRPMGCGGS	different
3rgv	B	CASGDFWGDTLYF	FEAQKAKANKAV	WIYVYRPMGCGGS	different
3rgv	B	CASGDFWGDTLYF	RVSYYGPKTSPVQ	WIYVYRPMGCGGS	different
3rgv	B	CASGDFWGDTLYF	FEAQKAKANKAVD	WIYVYRPMGCGGS	different
3sjv	D	CVVRAGKLIF	FLRGRAYGL	FLRGRAYGL	same
3sjv	I	CVVRAGKLIF	FLRGRAYGL	FLRGRAYGL	same
3sjv	N	CVVRAGKLIF	FLRGRAYGL	FLRGRAYGL	same
3sjv	S	CVVRAGKLIF	FLRGRAYGL	FLRGRAYGL	same
3sjv	E	CASGQGNFDIQYF	FLRGRAYGL	FLRGRAYGL	same
3sjv	J	CASGQGNFDIQYF	FLRGRAYGL	FLRGRAYGL	same
3sjv	O	CASGQGNFDIQYF	FLRGRAYGL	FLRGRAYGL	same
3sjv	T	CASGQGNFDIQYF	FLRGRAYGL	FLRGRAYGL	same
3tf7	C	CAVSAKGTGSKLSF	QLSDVPMDL	QLSPFPFDL	different
3tf7	C	CAVSAKGTGSKLSF	SPLDSLWWI	QLSPFPFDL	different
3tf7	C	CAVSAKGTGSKLSF	SPAEAGFFL	QLSPFPFDL	different
3tf7	C	CAVSAKGTGSKLSF	QLSPFPFDL	QLSPFPFDL	same
3tf7	C	CAVSAKGTGSKLSF	QPAEGGFQL	QLSPFPFDL	different
3tf7	C	CAVSAKGTGSKLSF	VPYMAEFGM	QLSPFPFDL	different
3tf7	C	CAVSAKGTGSKLSF	FLSPFWFDI	QLSPFPFDL	different
3tf7	C	CAVSAKGTGSKLSF	MPAGRPWDL	QLSPFPFDL	different
3tf7	C	CAVSAKGTGSKLSF	SPAPRPLDL	QLSPFPFDL	different
3tf7	G	CAVSAKGTGSKLSF	QLSDVPMDL	QLSPFPFDL	different
3tf7	G	CAVSAKGTGSKLSF	SPLDSLWWI	QLSPFPFDL	different
3tf7	G	CAVSAKGTGSKLSF	SPAEAGFFL	QLSPFPFDL	different
3tf7	G	CAVSAKGTGSKLSF	QLSPFPFDL	QLSPFPFDL	same
3tf7	G	CAVSAKGTGSKLSF	QPAEGGFQL	QLSPFPFDL	different
3tf7	G	CAVSAKGTGSKLSF	VPYMAEFGM	QLSPFPFDL	different
3tf7	G	CAVSAKGTGSKLSF	FLSPFWFDI	QLSPFPFDL	different
3tf7	G	CAVSAKGTGSKLSF	MPAGRPWDL	QLSPFPFDL	different
3tf7	G	CAVSAKGTGSKLSF	SPAPRPLDL	QLSPFPFDL	different
3tf7	I	CAVSAKGTGSKLSF	QLSDVPMDL	QLSPFPFDL	different
3tf7	I	CAVSAKGTGSKLSF	SPLDSLWWI	QLSPFPFDL	different
3tf7	I	CAVSAKGTGSKLSF	SPAEAGFFL	QLSPFPFDL	different
3tf7	I	CAVSAKGTGSKLSF	QLSPFPFDL	QLSPFPFDL	same
3tf7	I	CAVSAKGTGSKLSF	QPAEGGFQL	QLSPFPFDL	different
3tf7	I	CAVSAKGTGSKLSF	VPYMAEFGM	QLSPFPFDL	different
3tf7	I	CAVSAKGTGSKLSF	FLSPFWFDI	QLSPFPFDL	different
3tf7	I	CAVSAKGTGSKLSF	MPAGRPWDL	QLSPFPFDL	different
3tf7	I	CAVSAKGTGSKLSF	SPAPRPLDL	QLSPFPFDL	different
3tf7	K	CAVSAKGTGSKLSF	QLSDVPMDL	QLSPFPFDL	different
3tf7	K	CAVSAKGTGSKLSF	SPLDSLWWI	QLSPFPFDL	different
3tf7	K	CAVSAKGTGSKLSF	SPAEAGFFL	QLSPFPFDL	different
3tf7	K	CAVSAKGTGSKLSF	QLSPFPFDL	QLSPFPFDL	same
3tf7	K	CAVSAKGTGSKLSF	QPAEGGFQL	QLSPFPFDL	different
3tf7	K	CAVSAKGTGSKLSF	VPYMAEFGM	QLSPFPFDL	different
3tf7	K	CAVSAKGTGSKLSF	FLSPFWFDI	QLSPFPFDL	different
3tf7	K	CAVSAKGTGSKLSF	MPAGRPWDL	QLSPFPFDL	different
3tf7	K	CAVSAKGTGSKLSF	SPAPRPLDL	QLSPFPFDL	different
3tfk	C	CAVSAKGTGSKLSF	QLSDVPMDL	QLSDVPMDL	same
3tfk	C	CAVSAKGTGSKLSF	SPLDSLWWI	QLSDVPMDL	different
3tfk	C	CAVSAKGTGSKLSF	SPAEAGFFL	QLSDVPMDL	different
3tfk	C	CAVSAKGTGSKLSF	QLSPFPFDL	QLSDVPMDL	different
3tfk	C	CAVSAKGTGSKLSF	QPAEGGFQL	QLSDVPMDL	different
3tfk	C	CAVSAKGTGSKLSF	VPYMAEFGM	QLSDVPMDL	different
3tfk	C	CAVSAKGTGSKLSF	FLSPFWFDI	QLSDVPMDL	different
3tfk	C	CAVSAKGTGSKLSF	MPAGRPWDL	QLSDVPMDL	different
3tfk	C	CAVSAKGTGSKLSF	SPAPRPLDL	QLSDVPMDL	different
3tfk	D	CASSDAPGQLYF	QLSDVPMDL	QLSDVPMDL	same
3tfk	D	CASSDAPGQLYF	SPLDSLWWI	QLSDVPMDL	different
3tfk	D	CASSDAPGQLYF	SPAEAGFFL	QLSDVPMDL	different
3tfk	D	CASSDAPGQLYF	QLSPFPFDL	QLSDVPMDL	different
3tfk	D	CASSDAPGQLYF	QPAEGGFQL	QLSDVPMDL	different
3tfk	D	CASSDAPGQLYF	VPYMAEFGM	QLSDVPMDL	different
3tfk	D	CASSDAPGQLYF	FLSPFWFDI	QLSDVPMDL	different
3tfk	D	CASSDAPGQLYF	MPAGRPWDL	QLSDVPMDL	different
3tfk	D	CASSDAPGQLYF	SPAPRPLDL	QLSDVPMDL	different
3tjh	C	CAVSAKGTGSKLSF	QLSDVPMDL	SPLDSLWWI	different
3tjh	C	CAVSAKGTGSKLSF	SPLDSLWWI	SPLDSLWWI	same
3tjh	C	CAVSAKGTGSKLSF	SPAEAGFFL	SPLDSLWWI	different
3tjh	C	CAVSAKGTGSKLSF	QLSPFPFDL	SPLDSLWWI	different
3tjh	C	CAVSAKGTGSKLSF	QPAEGGFQL	SPLDSLWWI	different
3tjh	C	CAVSAKGTGSKLSF	VPYMAEFGM	SPLDSLWWI	different
3tjh	C	CAVSAKGTGSKLSF	FLSPFWFDI	SPLDSLWWI	different
3tjh	C	CAVSAKGTGSKLSF	MPAGRPWDL	SPLDSLWWI	different
3tjh	C	CAVSAKGTGSKLSF	SPAPRPLDL	SPLDSLWWI	different
3tjh	D	CASSDAPGQLYF	QLSDVPMDL	SPLDSLWWI	different
3tjh	D	CASSDAPGQLYF	SPLDSLWWI	SPLDSLWWI	same
3tjh	D	CASSDAPGQLYF	SPAEAGFFL	SPLDSLWWI	different
3tjh	D	CASSDAPGQLYF	QLSPFPFDL	SPLDSLWWI	different
3tjh	D	CASSDAPGQLYF	QPAEGGFQL	SPLDSLWWI	different
3tjh	D	CASSDAPGQLYF	VPYMAEFGM	SPLDSLWWI	different
3tjh	D	CASSDAPGQLYF	FLSPFWFDI	SPLDSLWWI	different
3tjh	D	CASSDAPGQLYF	MPAGRPWDL	SPLDSLWWI	different
3tjh	D	CASSDAPGQLYF	SPAPRPLDL	SPLDSLWWI	different
3tpu	A	CAVSAKGTGSKLSF	QLSDVPMDL	FLSPFWFDI	different
3tpu	A	CAVSAKGTGSKLSF	SPLDSLWWI	FLSPFWFDI	different
3tpu	A	CAVSAKGTGSKLSF	SPAEAGFFL	FLSPFWFDI	different
3tpu	A	CAVSAKGTGSKLSF	QLSPFPFDL	FLSPFWFDI	different
3tpu	A	CAVSAKGTGSKLSF	QPAEGGFQL	FLSPFWFDI	different
3tpu	A	CAVSAKGTGSKLSF	VPYMAEFGM	FLSPFWFDI	different
3tpu	A	CAVSAKGTGSKLSF	FLSPFWFDI	FLSPFWFDI	same
3tpu	A	CAVSAKGTGSKLSF	MPAGRPWDL	FLSPFWFDI	different
3tpu	A	CAVSAKGTGSKLSF	SPAPRPLDL	FLSPFWFDI	different
3tpu	C	CAVSAKGTGSKLSF	QLSDVPMDL	FLSPFWFDI	different
3tpu	C	CAVSAKGTGSKLSF	SPLDSLWWI	FLSPFWFDI	different
3tpu	C	CAVSAKGTGSKLSF	SPAEAGFFL	FLSPFWFDI	different
3tpu	C	CAVSAKGTGSKLSF	QLSPFPFDL	FLSPFWFDI	different
3tpu	C	CAVSAKGTGSKLSF	QPAEGGFQL	FLSPFWFDI	different
3tpu	C	CAVSAKGTGSKLSF	VPYMAEFGM	FLSPFWFDI	different
3tpu	C	CAVSAKGTGSKLSF	FLSPFWFDI	FLSPFWFDI	same
3tpu	C	CAVSAKGTGSKLSF	MPAGRPWDL	FLSPFWFDI	different
3tpu	C	CAVSAKGTGSKLSF	SPAPRPLDL	FLSPFWFDI	different
3tpu	G	CAVSAKGTGSKLSF	QLSDVPMDL	FLSPFWFDI	different
3tpu	G	CAVSAKGTGSKLSF	SPLDSLWWI	FLSPFWFDI	different
3tpu	G	CAVSAKGTGSKLSF	SPAEAGFFL	FLSPFWFDI	different
3tpu	G	CAVSAKGTGSKLSF	QLSPFPFDL	FLSPFWFDI	different
3tpu	G	CAVSAKGTGSKLSF	QPAEGGFQL	FLSPFWFDI	different
3tpu	G	CAVSAKGTGSKLSF	VPYMAEFGM	FLSPFWFDI	different
3tpu	G	CAVSAKGTGSKLSF	FLSPFWFDI	FLSPFWFDI	same
3tpu	G	CAVSAKGTGSKLSF	MPAGRPWDL	FLSPFWFDI	different
3tpu	G	CAVSAKGTGSKLSF	SPAPRPLDL	FLSPFWFDI	different
3tpu	M	CAVSAKGTGSKLSF	QLSDVPMDL	FLSPFWFDI	different
3tpu	M	CAVSAKGTGSKLSF	SPLDSLWWI	FLSPFWFDI	different
3tpu	M	CAVSAKGTGSKLSF	SPAEAGFFL	FLSPFWFDI	different
3tpu	M	CAVSAKGTGSKLSF	QLSPFPFDL	FLSPFWFDI	different
3tpu	M	CAVSAKGTGSKLSF	QPAEGGFQL	FLSPFWFDI	different
3tpu	M	CAVSAKGTGSKLSF	VPYMAEFGM	FLSPFWFDI	different
3tpu	M	CAVSAKGTGSKLSF	FLSPFWFDI	FLSPFWFDI	same
3tpu	M	CAVSAKGTGSKLSF	MPAGRPWDL	FLSPFWFDI	different
3tpu	M	CAVSAKGTGSKLSF	SPAPRPLDL	FLSPFWFDI	different
3tpu	B	CASSDAPGQLYF	QLSDVPMDL	FLSPFWFDI	different
3tpu	B	CASSDAPGQLYF	SPLDSLWWI	FLSPFWFDI	different
3tpu	B	CASSDAPGQLYF	SPAEAGFFL	FLSPFWFDI	different
3tpu	B	CASSDAPGQLYF	QLSPFPFDL	FLSPFWFDI	different
3tpu	B	CASSDAPGQLYF	QPAEGGFQL	FLSPFWFDI	different
3tpu	B	CASSDAPGQLYF	VPYMAEFGM	FLSPFWFDI	different
3tpu	B	CASSDAPGQLYF	FLSPFWFDI	FLSPFWFDI	same
3tpu	B	CASSDAPGQLYF	MPAGRPWDL	FLSPFWFDI	different
3tpu	B	CASSDAPGQLYF	SPAPRPLDL	FLSPFWFDI	different
3tpu	D	CASSDAPGQLYF	QLSDVPMDL	FLSPFWFDI	different
3tpu	D	CASSDAPGQLYF	SPLDSLWWI	FLSPFWFDI	different
3tpu	D	CASSDAPGQLYF	SPAEAGFFL	FLSPFWFDI	different
3tpu	D	CASSDAPGQLYF	QLSPFPFDL	FLSPFWFDI	different
3tpu	D	CASSDAPGQLYF	QPAEGGFQL	FLSPFWFDI	different
3tpu	D	CASSDAPGQLYF	VPYMAEFGM	FLSPFWFDI	different
3tpu	D	CASSDAPGQLYF	FLSPFWFDI	FLSPFWFDI	same
3tpu	D	CASSDAPGQLYF	MPAGRPWDL	FLSPFWFDI	different
3tpu	D	CASSDAPGQLYF	SPAPRPLDL	FLSPFWFDI	different
3tpu	H	CASSDAPGQLYF	QLSDVPMDL	FLSPFWFDI	different
3tpu	H	CASSDAPGQLYF	SPLDSLWWI	FLSPFWFDI	different
3tpu	H	CASSDAPGQLYF	SPAEAGFFL	FLSPFWFDI	different
3tpu	H	CASSDAPGQLYF	QLSPFPFDL	FLSPFWFDI	different
3tpu	H	CASSDAPGQLYF	QPAEGGFQL	FLSPFWFDI	different
3tpu	H	CASSDAPGQLYF	VPYMAEFGM	FLSPFWFDI	different
3tpu	H	CASSDAPGQLYF	FLSPFWFDI	FLSPFWFDI	same
3tpu	H	CASSDAPGQLYF	MPAGRPWDL	FLSPFWFDI	different
3tpu	H	CASSDAPGQLYF	SPAPRPLDL	FLSPFWFDI	different
3tpu	N	CASSDAPGQLYF	QLSDVPMDL	FLSPFWFDI	different
3tpu	N	CASSDAPGQLYF	SPLDSLWWI	FLSPFWFDI	different
3tpu	N	CASSDAPGQLYF	SPAEAGFFL	FLSPFWFDI	different
3tpu	N	CASSDAPGQLYF	QLSPFPFDL	FLSPFWFDI	different
3tpu	N	CASSDAPGQLYF	QPAEGGFQL	FLSPFWFDI	different
3tpu	N	CASSDAPGQLYF	VPYMAEFGM	FLSPFWFDI	different
3tpu	N	CASSDAPGQLYF	FLSPFWFDI	FLSPFWFDI	same
3tpu	N	CASSDAPGQLYF	MPAGRPWDL	FLSPFWFDI	different
3tpu	N	CASSDAPGQLYF	SPAPRPLDL	FLSPFWFDI	different
3uts	D	CAMRGDSSYKLIF	ALWGPDPAAA	ALWGPDPAAA	same
3uts	D	CAMRGDSSYKLIF	WGPDPAAA	ALWGPDPAAA	different
3uts	D	CAMRGDSSYKLIF	AQWGPDPAAA	ALWGPDPAAA	different
3uts	D	CAMRGDSSYKLIF	RQFGPDWIVA	ALWGPDPAAA	different
3uts	D	CAMRGDSSYKLIF	RQWGPDPAAV	ALWGPDPAAA	different
3uts	D	CAMRGDSSYKLIF	YLGGPDFPTI	ALWGPDPAAA	different
3uts	D	CAMRGDSSYKLIF	YQFGPDFPIA	ALWGPDPAAA	different
3uts	D	CAMRGDSSYKLIF	RQFGPDFPTI	ALWGPDPAAA	different
3uts	D	CAMRGDSSYKLIF	MVWGPDPLYV	ALWGPDPAAA	different
3uts	I	CAMRGDSSYKLIF	ALWGPDPAAA	ALWGPDPAAA	same
3uts	I	CAMRGDSSYKLIF	WGPDPAAA	ALWGPDPAAA	different
3uts	I	CAMRGDSSYKLIF	AQWGPDPAAA	ALWGPDPAAA	different
3uts	I	CAMRGDSSYKLIF	RQFGPDWIVA	ALWGPDPAAA	different
3uts	I	CAMRGDSSYKLIF	RQWGPDPAAV	ALWGPDPAAA	different
3uts	I	CAMRGDSSYKLIF	YLGGPDFPTI	ALWGPDPAAA	different
3uts	I	CAMRGDSSYKLIF	YQFGPDFPIA	ALWGPDPAAA	different
3uts	I	CAMRGDSSYKLIF	RQFGPDFPTI	ALWGPDPAAA	different
3uts	I	CAMRGDSSYKLIF	MVWGPDPLYV	ALWGPDPAAA	different
3uts	E	CASSLWEKLAKNIQYF	ALWGPDPAAA	ALWGPDPAAA	same
3uts	E	CASSLWEKLAKNIQYF	WGPDPAAA	ALWGPDPAAA	different
3uts	E	CASSLWEKLAKNIQYF	AQWGPDPAAA	ALWGPDPAAA	different
3uts	E	CASSLWEKLAKNIQYF	RQFGPDWIVA	ALWGPDPAAA	different
3uts	E	CASSLWEKLAKNIQYF	RQWGPDPAAV	ALWGPDPAAA	different
3uts	E	CASSLWEKLAKNIQYF	YLGGPDFPTI	ALWGPDPAAA	different
3uts	E	CASSLWEKLAKNIQYF	YQFGPDFPIA	ALWGPDPAAA	different
3uts	E	CASSLWEKLAKNIQYF	RQFGPDFPTI	ALWGPDPAAA	different
3uts	E	CASSLWEKLAKNIQYF	MVWGPDPLYV	ALWGPDPAAA	different
3uts	J	CASSLWEKLAKNIQYF	ALWGPDPAAA	ALWGPDPAAA	same
3uts	J	CASSLWEKLAKNIQYF	WGPDPAAA	ALWGPDPAAA	different
3uts	J	CASSLWEKLAKNIQYF	AQWGPDPAAA	ALWGPDPAAA	different
3uts	J	CASSLWEKLAKNIQYF	RQFGPDWIVA	ALWGPDPAAA	different
3uts	J	CASSLWEKLAKNIQYF	RQWGPDPAAV	ALWGPDPAAA	different
3uts	J	CASSLWEKLAKNIQYF	YLGGPDFPTI	ALWGPDPAAA	different
3uts	J	CASSLWEKLAKNIQYF	YQFGPDFPIA	ALWGPDPAAA	different
3uts	J	CASSLWEKLAKNIQYF	RQFGPDFPTI	ALWGPDPAAA	different
3uts	J	CASSLWEKLAKNIQYF	MVWGPDPLYV	ALWGPDPAAA	different
3utt	D	CAMRGDSSYKLIF	ALWGPDPAAA	ALWGPDPAAA	same
3utt	D	CAMRGDSSYKLIF	WGPDPAAA	ALWGPDPAAA	different
3utt	D	CAMRGDSSYKLIF	AQWGPDPAAA	ALWGPDPAAA	different
3utt	D	CAMRGDSSYKLIF	RQFGPDWIVA	ALWGPDPAAA	different
3utt	D	CAMRGDSSYKLIF	RQWGPDPAAV	ALWGPDPAAA	different
3utt	D	CAMRGDSSYKLIF	YLGGPDFPTI	ALWGPDPAAA	different
3utt	D	CAMRGDSSYKLIF	YQFGPDFPIA	ALWGPDPAAA	different
3utt	D	CAMRGDSSYKLIF	RQFGPDFPTI	ALWGPDPAAA	different
3utt	D	CAMRGDSSYKLIF	MVWGPDPLYV	ALWGPDPAAA	different
3utt	I	CAMRGDSSYKLIF	ALWGPDPAAA	ALWGPDPAAA	same
3utt	I	CAMRGDSSYKLIF	WGPDPAAA	ALWGPDPAAA	different
3utt	I	CAMRGDSSYKLIF	AQWGPDPAAA	ALWGPDPAAA	different
3utt	I	CAMRGDSSYKLIF	RQFGPDWIVA	ALWGPDPAAA	different
3utt	I	CAMRGDSSYKLIF	RQWGPDPAAV	ALWGPDPAAA	different
3utt	I	CAMRGDSSYKLIF	YLGGPDFPTI	ALWGPDPAAA	different
3utt	I	CAMRGDSSYKLIF	YQFGPDFPIA	ALWGPDPAAA	different
3utt	I	CAMRGDSSYKLIF	RQFGPDFPTI	ALWGPDPAAA	different
3utt	I	CAMRGDSSYKLIF	MVWGPDPLYV	ALWGPDPAAA	different
3utt	E	CASSLWEKLAKNIQYF	ALWGPDPAAA	ALWGPDPAAA	same
3utt	E	CASSLWEKLAKNIQYF	WGPDPAAA	ALWGPDPAAA	different
3utt	E	CASSLWEKLAKNIQYF	AQWGPDPAAA	ALWGPDPAAA	different
3utt	E	CASSLWEKLAKNIQYF	RQFGPDWIVA	ALWGPDPAAA	different
3utt	E	CASSLWEKLAKNIQYF	RQWGPDPAAV	ALWGPDPAAA	different
3utt	E	CASSLWEKLAKNIQYF	YLGGPDFPTI	ALWGPDPAAA	different
3utt	E	CASSLWEKLAKNIQYF	YQFGPDFPIA	ALWGPDPAAA	different
3utt	E	CASSLWEKLAKNIQYF	RQFGPDFPTI	ALWGPDPAAA	different
3utt	E	CASSLWEKLAKNIQYF	MVWGPDPLYV	ALWGPDPAAA	different
3utt	J	CASSLWEKLAKNIQYF	ALWGPDPAAA	ALWGPDPAAA	same
3utt	J	CASSLWEKLAKNIQYF	WGPDPAAA	ALWGPDPAAA	different
3utt	J	CASSLWEKLAKNIQYF	AQWGPDPAAA	ALWGPDPAAA	different
3utt	J	CASSLWEKLAKNIQYF	RQFGPDWIVA	ALWGPDPAAA	different
3utt	J	CASSLWEKLAKNIQYF	RQWGPDPAAV	ALWGPDPAAA	different
3utt	J	CASSLWEKLAKNIQYF	YLGGPDFPTI	ALWGPDPAAA	different
3utt	J	CASSLWEKLAKNIQYF	YQFGPDFPIA	ALWGPDPAAA	different
3utt	J	CASSLWEKLAKNIQYF	RQFGPDFPTI	ALWGPDPAAA	different
3utt	J	CASSLWEKLAKNIQYF	MVWGPDPLYV	ALWGPDPAAA	different
3vxm	D	CAVGAPSGAGSYQLTF	RFPLTFGWCF	RFPLTFGWCF	same
3vxm	E	CASSPTSGIYEQYF	RFPLTFGWCF	RFPLTFGWCF	same
3vxr	D	CAVRMDSSYKLIF	RYPLTFGWCF	RYPLTFGWCF	same
3vxr	D	CAVRMDSSYKLIF	RYPLTLGWCF	RYPLTFGWCF	different
3vxr	E	CASSSWDTGELFF	RYPLTFGWCF	RYPLTFGWCF	same
3vxr	E	CASSSWDTGELFF	RYPLTLGWCF	RYPLTFGWCF	different
3vxs	D	CAVRMDSSYKLIF	RYPLTFGWCF	RYPLTLGWCF	different
3vxs	D	CAVRMDSSYKLIF	RYPLTLGWCF	RYPLTLGWCF	same
3vxs	E	CASSSWDTGELFF	RYPLTFGWCF	RYPLTLGWCF	different
3vxs	E	CASSSWDTGELFF	RYPLTLGWCF	RYPLTLGWCF	same
3vxu	E	CASSGASHEQYF	RFPLTFGWCF	RFPLTFGWCF	same
3vxu	J	CASSGASHEQYF	RFPLTFGWCF	RFPLTFGWCF	same
3w0w	E	CASSGASHEQYF	RFPLTFGWCF	RFPLTFGWCF	same
4c56	B	CASSSRSSYEQYF	GILGLVFTL	PKYVKQNTLKLAT	different
4c56	B	CASSSRSSYEQYF	PKYVKQNTLKLAT	PKYVKQNTLKLAT	same
4c56	B	CASSSRSSYEQYF	GILGFVFTL	PKYVKQNTLKLAT	different
4c56	H	CASSSRSSYEQYF	GILGLVFTL	PKYVKQNTLKLAT	different
4c56	H	CASSSRSSYEQYF	PKYVKQNTLKLAT	PKYVKQNTLKLAT	same
4c56	H	CASSSRSSYEQYF	GILGFVFTL	PKYVKQNTLKLAT	different
4c56	A	CAVDSATSGTYKYIF	NEGVKAAW	PKYVKQNTLKLAT	different
4c56	A	CAVDSATSGTYKYIF	PKYVKQNTLKLAT	PKYVKQNTLKLAT	same
4c56	A	CAVDSATSGTYKYIF	ILAKFLHWL	PKYVKQNTLKLAT	different
4c56	G	CAVDSATSGTYKYIF	NEGVKAAW	PKYVKQNTLKLAT	different
4c56	G	CAVDSATSGTYKYIF	PKYVKQNTLKLAT	PKYVKQNTLKLAT	same
4c56	G	CAVDSATSGTYKYIF	ILAKFLHWL	PKYVKQNTLKLAT	different
4e41	D	CAVDRGSTLGRLYF	GELIGILNAAKVPAD	GELIGILNAAKVPAD	same
4e41	I	CAVDRGSTLGRLYF	GELIGILNAAKVPAD	GELIGILNAAKVPAD	same
4e41	E	CASSQIRETQYF	GELIGILNAAKVPAD	GELIGILNAAKVPAD	same
4e41	J	CASSQIRETQYF	GELIGILNAAKVPAD	GELIGILNAAKVPAD	same
4eup	G	CAVSGGGADGLTF	ALGIGILTV	ALGIGILTV	same
4eup	G	CAVSGGGADGLTF	EAAGIGILTV	ALGIGILTV	different
4eup	I	CAVSGGGADGLTF	ALGIGILTV	ALGIGILTV	same
4eup	I	CAVSGGGADGLTF	EAAGIGILTV	ALGIGILTV	different
4eup	H	CASSFLGTGVEQYF	ALGIGILTV	ALGIGILTV	same
4eup	H	CASSFLGTGVEQYF	EAAGIGILTV	ALGIGILTV	different
4eup	J	CASSFLGTGVEQYF	ALGIGILTV	ALGIGILTV	same
4eup	J	CASSFLGTGVEQYF	EAAGIGILTV	ALGIGILTV	different
4ftv	D	CAVTTDSWGKLQF	LLFGPVYV	LLFGYPVYV	different
4ftv	D	CAVTTDSWGKLQF	LLFGFPVYV	LLFGYPVYV	different
4ftv	D	CAVTTDSWGKLQF	MLWGYLQYV	LLFGYPVYV	different
4ftv	D	CAVTTDSWGKLQF	LLFGYPVAV	LLFGYPVYV	different
4ftv	D	CAVTTDSWGKLQF	LLFGKPVYV	LLFGYPVYV	different
4ftv	D	CAVTTDSWGKLQF	LLFGYPVYV	LLFGYPVYV	same
4ftv	D	CAVTTDSWGKLQF	LLFGYPRYV	LLFGYPVYV	different
4ftv	D	CAVTTDSWGKLQF	LGYGFVNYI	LLFGYPVYV	different
4ftv	D	CAVTTDSWGKLQF	LLFGYAVYV	LLFGYPVYV	different
4ftv	E	CASRPGLMSAQPEQYF	LLFGYPVYV	LLFGYPVYV	same
4g8g	D	CAMRDLRDNFNKFYF	KRWIIMGLNK	KRWIILGLNK	different
4g8g	D	CAMRDLRDNFNKFYF	KRWIILGLNK	KRWIILGLNK	same
4g8g	E	CASREGLGGTEAFF	KRWIIMGLNK	KRWIILGLNK	different
4g8g	E	CASREGLGGTEAFF	KRWIILGLNK	KRWIILGLNK	same
4g9f	D	CAMRDLRDNFNKFYF	KRWIIMGLNK	KRWIIMGLNK	same
4g9f	D	CAMRDLRDNFNKFYF	KRWIILGLNK	KRWIIMGLNK	different
4g9f	E	CASREGLGGTEAFF	KRWIIMGLNK	KRWIIMGLNK	same
4g9f	E	CASREGLGGTEAFF	KRWIILGLNK	KRWIIMGLNK	different
4gg6	F	CASSVAVSAGTYEQYF	SGEGSFQPSQENP	SGEGSFQPSQENP	same
4gg6	H	CASSVAVSAGTYEQYF	SGEGSFQPSQENP	SGEGSFQPSQENP	same
4h1l	G	CAVGASGNTGKLIF	QHIRCNIPKRISA	QHIRCNIPKRISA	same
4h1l	I	CAVGASGNTGKLIF	QHIRCNIPKRISA	QHIRCNIPKRISA	same
4h1l	H	CASSLRDGYTGELFF	QHIRCNIPKRISA	QHIRCNIPKRISA	same
4h1l	J	CASSLRDGYTGELFF	QHIRCNIPKRISA	QHIRCNIPKRISA	same
4jfd	D	CAVNDGGRLTF	ELAAIGILTV	ELAAIGILTV	same
4jfd	D	CAVNDGGRLTF	AAGIGILTV	ELAAIGILTV	different
4jfd	D	CAVNDGGRLTF	ELAGIGILTV	ELAAIGILTV	different
4jfd	D	CAVNDGGRLTF	ELAGIGALTV	ELAAIGILTV	different
4jfd	D	CAVNDGGRLTF	EAAGIGILTV	ELAAIGILTV	different
4jfd	E	CAWSETGLGMGGWQF	ELAAIGILTV	ELAAIGILTV	same
4jfd	E	CAWSETGLGMGGWQF	AAGIGILTV	ELAAIGILTV	different
4jfd	E	CAWSETGLGMGGWQF	ELAGIGILTV	ELAAIGILTV	different
4jfd	E	CAWSETGLGMGGWQF	ELAGIGALTV	ELAAIGILTV	different
4jfd	E	CAWSETGLGMGGWQF	EAAGIGILTV	ELAAIGILTV	different
4jfe	D	CAVNDGGRLTF	ELAAIGILTV	ELAGIGALTV	different
4jfe	D	CAVNDGGRLTF	AAGIGILTV	ELAGIGALTV	different
4jfe	D	CAVNDGGRLTF	ELAGIGILTV	ELAGIGALTV	different
4jfe	D	CAVNDGGRLTF	ELAGIGALTV	ELAGIGALTV	same
4jfe	D	CAVNDGGRLTF	EAAGIGILTV	ELAGIGALTV	different
4jfe	E	CAWSETGLGMGGWQF	ELAAIGILTV	ELAGIGALTV	different
4jfe	E	CAWSETGLGMGGWQF	AAGIGILTV	ELAGIGALTV	different
4jfe	E	CAWSETGLGMGGWQF	ELAGIGILTV	ELAGIGALTV	different
4jfe	E	CAWSETGLGMGGWQF	ELAGIGALTV	ELAGIGALTV	same
4jfe	E	CAWSETGLGMGGWQF	EAAGIGILTV	ELAGIGALTV	different
4jff	D	CAVNDGGRLTF	ELAAIGILTV	ELAGIGILTV	different
4jff	D	CAVNDGGRLTF	AAGIGILTV	ELAGIGILTV	different
4jff	D	CAVNDGGRLTF	ELAGIGILTV	ELAGIGILTV	same
4jff	D	CAVNDGGRLTF	ELAGIGALTV	ELAGIGILTV	different
4jff	D	CAVNDGGRLTF	EAAGIGILTV	ELAGIGILTV	different
4jff	E	CAWSETGLGMGGWQF	ELAAIGILTV	ELAGIGILTV	different
4jff	E	CAWSETGLGMGGWQF	AAGIGILTV	ELAGIGILTV	different
4jff	E	CAWSETGLGMGGWQF	ELAGIGILTV	ELAGIGILTV	same
4jff	E	CAWSETGLGMGGWQF	ELAGIGALTV	ELAGIGILTV	different
4jff	E	CAWSETGLGMGGWQF	EAAGIGILTV	ELAGIGILTV	different
4jrx	D	CALSGFYNTDKLIF	LPEPLGQGQLTAY	LPEPLPQGQLTAY	different
4jrx	D	CALSGFYNTDKLIF	LPEPLPQAQLTAY	LPEPLPQGQLTAY	different
4jrx	D	CALSGFYNTDKLIF	LPEPLPQGGLTAY	LPEPLPQGQLTAY	different
4jrx	D	CALSGFYNTDKLIF	LPEPLPQGQLTGY	LPEPLPQGQLTAY	different
4jrx	D	CALSGFYNTDKLIF	LPEPLPQGQLTAY	LPEPLPQGQLTAY	same
4jrx	D	CALSGFYNTDKLIF	LPEPLPQGQLGAY	LPEPLPQGQLTAY	different
4jrx	D	CALSGFYNTDKLIF	LPEGLPQGQLTAY	LPEPLPQGQLTAY	different
4jrx	D	CALSGFYNTDKLIF	GPEPLPQGQLTAY	LPEPLPQGQLTAY	different
4jrx	D	CALSGFYNTDKLIF	LPEPLPQGQGTAY	LPEPLPQGQLTAY	different
4jrx	E	CASPGETEAFF	LPEPLPQGQLTAY	LPEPLPQGQLTAY	same
4jry	D	CAVGGGSNYQLIW	LPEPLPQGQLTAY	LPEPLPQGQLTAY	same
4jry	E	CASSRTGSTYEQYF	LPEPLPQGQLTAY	LPEPLPQGQLTAY	same
4l3e	D	CAVNFGGGKLIF	AAGIGILTV	ELAGIGILTV	different
4l3e	D	CAVNFGGGKLIF	ELAGIGILTV	ELAGIGILTV	same
4l3e	D	CAVNFGGGKLIF	MMWDRGLGMM	ELAGIGILTV	different
4l3e	D	CAVNFGGGKLIF	SMLGIGIVPV	ELAGIGILTV	different
4l3e	E	CASSWSFGTEAFF	ELAGIGILTV	ELAGIGILTV	same
4l3e	E	CASSWSFGTEAFF	AAGIGILTV	ELAGIGILTV	different
4mji	D	CATDDDSARQLTF	TAFTIPSI	TAFTIPSI	same
4mji	I	CATDDDSARQLTF	TAFTIPSI	TAFTIPSI	same
4mji	E	CASSLTGGGELFF	TAFTIPSI	TAFTIPSI	same
4mji	J	CASSLTGGGELFF	TAFTIPSI	TAFTIPSI	same
4mnq	D	CAVDSATALPYGYIF	ILAKFLHWL	ILAKFLHWL	same
4mnq	E	CASSYQGTEAFF	ILAKFLHWL	ILAKFLHWL	same
4ms8	C	CAVSAKGTGSKLSF	QLSDVPMDL	SPAEAGFFL	different
4ms8	C	CAVSAKGTGSKLSF	SPLDSLWWI	SPAEAGFFL	different
4ms8	C	CAVSAKGTGSKLSF	SPAEAGFFL	SPAEAGFFL	same
4ms8	C	CAVSAKGTGSKLSF	QLSPFPFDL	SPAEAGFFL	different
4ms8	C	CAVSAKGTGSKLSF	QPAEGGFQL	SPAEAGFFL	different
4ms8	C	CAVSAKGTGSKLSF	VPYMAEFGM	SPAEAGFFL	different
4ms8	C	CAVSAKGTGSKLSF	FLSPFWFDI	SPAEAGFFL	different
4ms8	C	CAVSAKGTGSKLSF	MPAGRPWDL	SPAEAGFFL	different
4ms8	C	CAVSAKGTGSKLSF	SPAPRPLDL	SPAEAGFFL	different
4ms8	D	CASSDAPGQLYF	QLSDVPMDL	SPAEAGFFL	different
4ms8	D	CASSDAPGQLYF	SPLDSLWWI	SPAEAGFFL	different
4ms8	D	CASSDAPGQLYF	SPAEAGFFL	SPAEAGFFL	same
4ms8	D	CASSDAPGQLYF	QLSPFPFDL	SPAEAGFFL	different
4ms8	D	CASSDAPGQLYF	QPAEGGFQL	SPAEAGFFL	different
4ms8	D	CASSDAPGQLYF	VPYMAEFGM	SPAEAGFFL	different
4ms8	D	CASSDAPGQLYF	FLSPFWFDI	SPAEAGFFL	different
4ms8	D	CASSDAPGQLYF	MPAGRPWDL	SPAEAGFFL	different
4ms8	D	CASSDAPGQLYF	SPAPRPLDL	SPAEAGFFL	different
4mvb	C	CAVSAKGTGSKLSF	QLSDVPMDL	QPAEGGFQL	different
4mvb	C	CAVSAKGTGSKLSF	SPLDSLWWI	QPAEGGFQL	different
4mvb	C	CAVSAKGTGSKLSF	SPAEAGFFL	QPAEGGFQL	different
4mvb	C	CAVSAKGTGSKLSF	QLSPFPFDL	QPAEGGFQL	different
4mvb	C	CAVSAKGTGSKLSF	QPAEGGFQL	QPAEGGFQL	same
4mvb	C	CAVSAKGTGSKLSF	VPYMAEFGM	QPAEGGFQL	different
4mvb	C	CAVSAKGTGSKLSF	FLSPFWFDI	QPAEGGFQL	different
4mvb	C	CAVSAKGTGSKLSF	MPAGRPWDL	QPAEGGFQL	different
4mvb	C	CAVSAKGTGSKLSF	SPAPRPLDL	QPAEGGFQL	different
4mvb	D	CASSDAPGQLYF	QLSDVPMDL	QPAEGGFQL	different
4mvb	D	CASSDAPGQLYF	SPLDSLWWI	QPAEGGFQL	different
4mvb	D	CASSDAPGQLYF	SPAEAGFFL	QPAEGGFQL	different
4mvb	D	CASSDAPGQLYF	QLSPFPFDL	QPAEGGFQL	different
4mvb	D	CASSDAPGQLYF	QPAEGGFQL	QPAEGGFQL	same
4mvb	D	CASSDAPGQLYF	VPYMAEFGM	QPAEGGFQL	different
4mvb	D	CASSDAPGQLYF	FLSPFWFDI	QPAEGGFQL	different
4mvb	D	CASSDAPGQLYF	MPAGRPWDL	QPAEGGFQL	different
4mvb	D	CASSDAPGQLYF	SPAPRPLDL	QPAEGGFQL	different
4mxq	C	CAVSAKGTGSKLSF	QLSDVPMDL	SPAPRPLDL	different
4mxq	C	CAVSAKGTGSKLSF	SPLDSLWWI	SPAPRPLDL	different
4mxq	C	CAVSAKGTGSKLSF	SPAEAGFFL	SPAPRPLDL	different
4mxq	C	CAVSAKGTGSKLSF	QLSPFPFDL	SPAPRPLDL	different
4mxq	C	CAVSAKGTGSKLSF	QPAEGGFQL	SPAPRPLDL	different
4mxq	C	CAVSAKGTGSKLSF	VPYMAEFGM	SPAPRPLDL	different
4mxq	C	CAVSAKGTGSKLSF	FLSPFWFDI	SPAPRPLDL	different
4mxq	C	CAVSAKGTGSKLSF	MPAGRPWDL	SPAPRPLDL	different
4mxq	C	CAVSAKGTGSKLSF	SPAPRPLDL	SPAPRPLDL	same
4mxq	D	CASSDAPGQLYF	QLSDVPMDL	SPAPRPLDL	different
4mxq	D	CASSDAPGQLYF	SPLDSLWWI	SPAPRPLDL	different
4mxq	D	CASSDAPGQLYF	SPAEAGFFL	SPAPRPLDL	different
4mxq	D	CASSDAPGQLYF	QLSPFPFDL	SPAPRPLDL	different
4mxq	D	CASSDAPGQLYF	QPAEGGFQL	SPAPRPLDL	different
4mxq	D	CASSDAPGQLYF	VPYMAEFGM	SPAPRPLDL	different
4mxq	D	CASSDAPGQLYF	FLSPFWFDI	SPAPRPLDL	different
4mxq	D	CASSDAPGQLYF	MPAGRPWDL	SPAPRPLDL	different
4mxq	D	CASSDAPGQLYF	SPAPRPLDL	SPAPRPLDL	same
4n0c	C	CAVSAKGTGSKLSF	QLSDVPMDL	MPAGRPWDL	different
4n0c	C	CAVSAKGTGSKLSF	SPLDSLWWI	MPAGRPWDL	different
4n0c	C	CAVSAKGTGSKLSF	SPAEAGFFL	MPAGRPWDL	different
4n0c	C	CAVSAKGTGSKLSF	QLSPFPFDL	MPAGRPWDL	different
4n0c	C	CAVSAKGTGSKLSF	QPAEGGFQL	MPAGRPWDL	different
4n0c	C	CAVSAKGTGSKLSF	VPYMAEFGM	MPAGRPWDL	different
4n0c	C	CAVSAKGTGSKLSF	FLSPFWFDI	MPAGRPWDL	different
4n0c	C	CAVSAKGTGSKLSF	MPAGRPWDL	MPAGRPWDL	same
4n0c	C	CAVSAKGTGSKLSF	SPAPRPLDL	MPAGRPWDL	different
4n0c	G	CAVSAKGTGSKLSF	QLSDVPMDL	MPAGRPWDL	different
4n0c	G	CAVSAKGTGSKLSF	SPLDSLWWI	MPAGRPWDL	different
4n0c	G	CAVSAKGTGSKLSF	SPAEAGFFL	MPAGRPWDL	different
4n0c	G	CAVSAKGTGSKLSF	QLSPFPFDL	MPAGRPWDL	different
4n0c	G	CAVSAKGTGSKLSF	QPAEGGFQL	MPAGRPWDL	different
4n0c	G	CAVSAKGTGSKLSF	VPYMAEFGM	MPAGRPWDL	different
4n0c	G	CAVSAKGTGSKLSF	FLSPFWFDI	MPAGRPWDL	different
4n0c	G	CAVSAKGTGSKLSF	MPAGRPWDL	MPAGRPWDL	same
4n0c	G	CAVSAKGTGSKLSF	SPAPRPLDL	MPAGRPWDL	different
4n0c	D	CASSDAPGQLYF	QLSDVPMDL	MPAGRPWDL	different
4n0c	D	CASSDAPGQLYF	SPLDSLWWI	MPAGRPWDL	different
4n0c	D	CASSDAPGQLYF	SPAEAGFFL	MPAGRPWDL	different
4n0c	D	CASSDAPGQLYF	QLSPFPFDL	MPAGRPWDL	different
4n0c	D	CASSDAPGQLYF	QPAEGGFQL	MPAGRPWDL	different
4n0c	D	CASSDAPGQLYF	VPYMAEFGM	MPAGRPWDL	different
4n0c	D	CASSDAPGQLYF	FLSPFWFDI	MPAGRPWDL	different
4n0c	D	CASSDAPGQLYF	MPAGRPWDL	MPAGRPWDL	same
4n0c	D	CASSDAPGQLYF	SPAPRPLDL	MPAGRPWDL	different
4n0c	H	CASSDAPGQLYF	QLSDVPMDL	MPAGRPWDL	different
4n0c	H	CASSDAPGQLYF	SPLDSLWWI	MPAGRPWDL	different
4n0c	H	CASSDAPGQLYF	SPAEAGFFL	MPAGRPWDL	different
4n0c	H	CASSDAPGQLYF	QLSPFPFDL	MPAGRPWDL	different
4n0c	H	CASSDAPGQLYF	QPAEGGFQL	MPAGRPWDL	different
4n0c	H	CASSDAPGQLYF	VPYMAEFGM	MPAGRPWDL	different
4n0c	H	CASSDAPGQLYF	FLSPFWFDI	MPAGRPWDL	different
4n0c	H	CASSDAPGQLYF	MPAGRPWDL	MPAGRPWDL	same
4n0c	H	CASSDAPGQLYF	SPAPRPLDL	MPAGRPWDL	different
4n5e	C	CAVSAKGTGSKLSF	QLSDVPMDL	VPYMAEFGM	different
4n5e	C	CAVSAKGTGSKLSF	SPLDSLWWI	VPYMAEFGM	different
4n5e	C	CAVSAKGTGSKLSF	SPAEAGFFL	VPYMAEFGM	different
4n5e	C	CAVSAKGTGSKLSF	QLSPFPFDL	VPYMAEFGM	different
4n5e	C	CAVSAKGTGSKLSF	QPAEGGFQL	VPYMAEFGM	different
4n5e	C	CAVSAKGTGSKLSF	VPYMAEFGM	VPYMAEFGM	same
4n5e	C	CAVSAKGTGSKLSF	FLSPFWFDI	VPYMAEFGM	different
4n5e	C	CAVSAKGTGSKLSF	MPAGRPWDL	VPYMAEFGM	different
4n5e	C	CAVSAKGTGSKLSF	SPAPRPLDL	VPYMAEFGM	different
4n5e	D	CASSDAPGQLYF	QLSDVPMDL	VPYMAEFGM	different
4n5e	D	CASSDAPGQLYF	SPLDSLWWI	VPYMAEFGM	different
4n5e	D	CASSDAPGQLYF	SPAEAGFFL	VPYMAEFGM	different
4n5e	D	CASSDAPGQLYF	QLSPFPFDL	VPYMAEFGM	different
4n5e	D	CASSDAPGQLYF	QPAEGGFQL	VPYMAEFGM	different
4n5e	D	CASSDAPGQLYF	VPYMAEFGM	VPYMAEFGM	same
4n5e	D	CASSDAPGQLYF	FLSPFWFDI	VPYMAEFGM	different
4n5e	D	CASSDAPGQLYF	MPAGRPWDL	VPYMAEFGM	different
4n5e	D	CASSDAPGQLYF	SPAPRPLDL	VPYMAEFGM	different
4ozf	H	CASSFRALAADTQYF	AVVQSELPYPEGS	APQPELPYPQPGS	different
4ozf	H	CASSFRALAADTQYF	PQPELPYPQ	APQPELPYPQPGS	different
4ozf	H	CASSFRALAADTQYF	APQPELPYPQPGS	APQPELPYPQPGS	same
4ozg	F	CASSFRFTDTQYF	PQPELPYPQ	APQPELPYPQPGS	different
4ozg	F	CASSFRFTDTQYF	APQPELPYPQPGS	APQPELPYPQPGS	same
4ozg	H	CASSFRFTDTQYF	PQPELPYPQ	APQPELPYPQPGS	different
4ozg	H	CASSFRFTDTQYF	APQPELPYPQPGS	APQPELPYPQPGS	same
4ozh	F	CASSVRSTDTQYF	APQPELPYPQPG	APQPELPYPQPG	same
4ozh	F	CASSVRSTDTQYF	GILGFVFTL	APQPELPYPQPG	different
4ozh	H	CASSVRSTDTQYF	APQPELPYPQPG	APQPELPYPQPG	same
4ozh	H	CASSVRSTDTQYF	GILGFVFTL	APQPELPYPQPG	different
4p2o	C	CAALRATGGNNKLTF	ADLIAYLKQATKG	PADPLAFFSSAIKGGGGSLV	different
4p2o	C	CAALRATGGNNKLTF	ADSLSFFSSSIKRGGGSLVP	PADPLAFFSSAIKGGGGSLV	different
4p2o	C	CAALRATGGNNKLTF	PADPLAFFSSAIKGGGGSLV	PADPLAFFSSAIKGGGGSLV	same
4p2o	D	CASSLNWSQDTQYF	ADLIAYLKQATKG	PADPLAFFSSAIKGGGGSLV	different
4p2o	D	CASSLNWSQDTQYF	ADSLSFFSSSIKRGGGSLVP	PADPLAFFSSAIKGGGGSLV	different
4p2o	D	CASSLNWSQDTQYF	PADPLAFFSSAIKGGGGSLV	PADPLAFFSSAIKGGGGSLV	same
4p2q	E	CASSLNNANSDYTF	ADLIAYLKQATKG	ADGLAYFRSSFKGG	different
4p2q	E	CASSLNNANSDYTF	ADLIAYLEQATKG	ADGLAYFRSSFKGG	different
4p2q	E	CASSLNNANSDYTF	ANGVAFFLTPFKA	ADGLAYFRSSFKGG	different
4p2q	E	CASSLNNANSDYTF	ADGLAYFRSSFKGG	ADGLAYFRSSFKGG	same
4p2q	J	CASSLNNANSDYTF	ADLIAYLKQATKG	ADGLAYFRSSFKGG	different
4p2q	J	CASSLNNANSDYTF	ADLIAYLEQATKG	ADGLAYFRSSFKGG	different
4p2q	J	CASSLNNANSDYTF	ANGVAFFLTPFKA	ADGLAYFRSSFKGG	different
4p2q	J	CASSLNNANSDYTF	ADGLAYFRSSFKGG	ADGLAYFRSSFKGG	same
4p2q	O	CASSLNNANSDYTF	ADLIAYLKQATKG	ADGLAYFRSSFKGG	different
4p2q	O	CASSLNNANSDYTF	ADLIAYLEQATKG	ADGLAYFRSSFKGG	different
4p2q	O	CASSLNNANSDYTF	ANGVAFFLTPFKA	ADGLAYFRSSFKGG	different
4p2q	O	CASSLNNANSDYTF	ADGLAYFRSSFKGG	ADGLAYFRSSFKGG	same
4p2q	T	CASSLNNANSDYTF	ADLIAYLKQATKG	ADGLAYFRSSFKGG	different
4p2q	T	CASSLNNANSDYTF	ADLIAYLEQATKG	ADGLAYFRSSFKGG	different
4p2q	T	CASSLNNANSDYTF	ANGVAFFLTPFKA	ADGLAYFRSSFKGG	different
4p2q	T	CASSLNNANSDYTF	ADGLAYFRSSFKGG	ADGLAYFRSSFKGG	same
4p2q	D	CAAEASNTNKVVF	ANGVAFFLTPFKA	ADGLAYFRSSFKGG	different
4p2q	D	CAAEASNTNKVVF	ADGLAYFRSSFKGG	ADGLAYFRSSFKGG	same
4p2q	I	CAAEASNTNKVVF	ANGVAFFLTPFKA	ADGLAYFRSSFKGG	different
4p2q	I	CAAEASNTNKVVF	ADGLAYFRSSFKGG	ADGLAYFRSSFKGG	same
4p2q	N	CAAEASNTNKVVF	ANGVAFFLTPFKA	ADGLAYFRSSFKGG	different
4p2q	N	CAAEASNTNKVVF	ADGLAYFRSSFKGG	ADGLAYFRSSFKGG	same
4p2q	S	CAAEASNTNKVVF	ANGVAFFLTPFKA	ADGLAYFRSSFKGG	different
4p2q	S	CAAEASNTNKVVF	ADGLAYFRSSFKGG	ADGLAYFRSSFKGG	same
4p2r	E	CASSLNNANSDYTF	ADLIAYLKQATKG	ANGVAFFLTPFKA	different
4p2r	E	CASSLNNANSDYTF	ADLIAYLEQATKG	ANGVAFFLTPFKA	different
4p2r	E	CASSLNNANSDYTF	ANGVAFFLTPFKA	ANGVAFFLTPFKA	same
4p2r	E	CASSLNNANSDYTF	ADGLAYFRSSFKGG	ANGVAFFLTPFKA	different
4p2r	J	CASSLNNANSDYTF	ADLIAYLKQATKG	ANGVAFFLTPFKA	different
4p2r	J	CASSLNNANSDYTF	ADLIAYLEQATKG	ANGVAFFLTPFKA	different
4p2r	J	CASSLNNANSDYTF	ANGVAFFLTPFKA	ANGVAFFLTPFKA	same
4p2r	J	CASSLNNANSDYTF	ADGLAYFRSSFKGG	ANGVAFFLTPFKA	different
4p2r	O	CASSLNNANSDYTF	ADLIAYLKQATKG	ANGVAFFLTPFKA	different
4p2r	O	CASSLNNANSDYTF	ADLIAYLEQATKG	ANGVAFFLTPFKA	different
4p2r	O	CASSLNNANSDYTF	ANGVAFFLTPFKA	ANGVAFFLTPFKA	same
4p2r	O	CASSLNNANSDYTF	ADGLAYFRSSFKGG	ANGVAFFLTPFKA	different
4p2r	T	CASSLNNANSDYTF	ADLIAYLKQATKG	ANGVAFFLTPFKA	different
4p2r	T	CASSLNNANSDYTF	ADLIAYLEQATKG	ANGVAFFLTPFKA	different
4p2r	T	CASSLNNANSDYTF	ANGVAFFLTPFKA	ANGVAFFLTPFKA	same
4p2r	T	CASSLNNANSDYTF	ADGLAYFRSSFKGG	ANGVAFFLTPFKA	different
4p2r	D	CAAEASNTNKVVF	ANGVAFFLTPFKA	ANGVAFFLTPFKA	same
4p2r	D	CAAEASNTNKVVF	ADGLAYFRSSFKGG	ANGVAFFLTPFKA	different
4p2r	I	CAAEASNTNKVVF	ANGVAFFLTPFKA	ANGVAFFLTPFKA	same
4p2r	I	CAAEASNTNKVVF	ADGLAYFRSSFKGG	ANGVAFFLTPFKA	different
4p2r	N	CAAEASNTNKVVF	ANGVAFFLTPFKA	ANGVAFFLTPFKA	same
4p2r	N	CAAEASNTNKVVF	ADGLAYFRSSFKGG	ANGVAFFLTPFKA	different
4p2r	S	CAAEASNTNKVVF	ANGVAFFLTPFKA	ANGVAFFLTPFKA	same
4p2r	S	CAAEASNTNKVVF	ADGLAYFRSSFKGG	ANGVAFFLTPFKA	different
4pri	D	CAVQDLGTSGSRLTF	HPVGEADYFEY	HPVGEADYFEY	same
4pri	D	CAVQDLGTSGSRLTF	HPVGDADYFEY	HPVGEADYFEY	different
4pri	D	CAVQDLGTSGSRLTF	HPVGQADYFEY	HPVGEADYFEY	different
4pri	E	CASSARSGELFF	HPVGEADYFEY	HPVGEADYFEY	same
4pri	E	CASSARSGELFF	HPVGDADYFEY	HPVGEADYFEY	different
4pri	E	CASSARSGELFF	HPVGQADYFEY	HPVGEADYFEY	different
4prp	D	CAVQDLGTSGSRLTF	HPVGEADYFEY	HPVGQADYFEY	different
4prp	D	CAVQDLGTSGSRLTF	HPVGDADYFEY	HPVGQADYFEY	different
4prp	D	CAVQDLGTSGSRLTF	HPVGQADYFEY	HPVGQADYFEY	same
4prp	E	CASSARSGELFF	HPVGEADYFEY	HPVGQADYFEY	different
4prp	E	CASSARSGELFF	HPVGDADYFEY	HPVGQADYFEY	different
4prp	E	CASSARSGELFF	HPVGQADYFEY	HPVGQADYFEY	same
4qok	D	CAVNVAGKSTF	AAGIGILTV	EAAGIGILTV	different
4qok	D	CAVNVAGKSTF	NLSALGIFST	EAAGIGILTV	different
4qok	D	CAVNVAGKSTF	LLLGIGILVL	EAAGIGILTV	different
4qok	D	CAVNVAGKSTF	ELAGIGILTV	EAAGIGILTV	different
4qok	D	CAVNVAGKSTF	EAAGIGILTV	EAAGIGILTV	same
4qok	E	CAWSETGLGTGELFF	AAGIGILTV	EAAGIGILTV	different
4qok	E	CAWSETGLGTGELFF	NLSALGIFST	EAAGIGILTV	different
4qok	E	CAWSETGLGTGELFF	LLLGIGILVL	EAAGIGILTV	different
4qok	E	CAWSETGLGTGELFF	ELAGIGILTV	EAAGIGILTV	different
4qok	E	CAWSETGLGTGELFF	EAAGIGILTV	EAAGIGILTV	same
4qrp	D	CALSDPVNDMRF	HSKKKCDEL	HSKKKCDEL	same
4qrp	J	CALSDPVNDMRF	HSKKKCDEL	HSKKKCDEL	same
4qrp	K	CALSDPVNDMRF	HSKKKCDEL	HSKKKCDEL	same
4qrp	E	CASSLRGRGDQPQHF	HSKKKCDEL	HSKKKCDEL	same
4qrp	I	CASSLRGRGDQPQHF	HSKKKCDEL	HSKKKCDEL	same
4qrp	L	CASSLRGRGDQPQHF	HSKKKCDEL	HSKKKCDEL	same
4qrr	D	CALGELAGAGGTSYGKLTF	IPSINVHHY	IPSINVHHY	same
4qrr	E	CASSLEGGYYNEQFF	IPSINVHHY	IPSINVHHY	same
4y19	D	CAASVYAGGTSYGKLTF	QPLALEGSLQKRG	QPLALEGSLQKRG	same
4y19	E	CASRPRRDNEQFF	QPLALEGSLQKRG	QPLALEGSLQKRG	same
4y1a	D	CAASSSAGGTSYGKLTF	LQPLALEGSLQKRG	LQPLALEGSLQKRG	same
4y1a	E	CASRPRDPVTQYF	LQPLALEGSLQKRG	LQPLALEGSLQKRG	same
4z7u	F	CASSTTPGTGTETQYF	PSGEGSFQPSQENPQ	PSGEGSFQPSQENPQ	same
4z7u	H	CASSTTPGTGTETQYF	PSGEGSFQPSQENPQ	PSGEGSFQPSQENPQ	same
4z7v	F	CASSAGTSGEYEQYF	SGEGSFQPSQENP	SGEGSFQPSQENP	same
4z7v	H	CASSAGTSGEYEQYF	SGEGSFQPSQENP	SGEGSFQPSQENP	same
4z7w	E	CAVGETGANNLFF	PSGEGSFQPSQENPQ	PSGEGSFQPSQENPQ	same
4z7w	G	CAVGETGANNLFF	PSGEGSFQPSQENPQ	PSGEGSFQPSQENPQ	same
4z7w	F	CASSEARRYNEQFF	PSGEGSFQPSQENPQ	PSGEGSFQPSQENPQ	same
4z7w	H	CASSEARRYNEQFF	PSGEGSFQPSQENPQ	PSGEGSFQPSQENPQ	same
5brz	D	CAVRPGGAGPFFVVF	ESDPIVAQY	EVDPIGHLY	different
5brz	D	CAVRPGGAGPFFVVF	EVDPIGHLY	EVDPIGHLY	same
5brz	E	CASSFNMATGQYF	ESDPIVAQY	EVDPIGHLY	different
5brz	E	CASSFNMATGQYF	EVDPIGHLY	EVDPIGHLY	same
5bs0	D	CAVRPGGAGPFFVVF	ESDPIVAQY	ESDPIVAQY	same
5bs0	D	CAVRPGGAGPFFVVF	EVDPIGHLY	ESDPIVAQY	different
5bs0	E	CASSFNMATGQYF	ESDPIVAQY	ESDPIVAQY	same
5bs0	E	CASSFNMATGQYF	EVDPIGHLY	ESDPIVAQY	different
5c07	D	CAMRGDSSYKLIF	ALWGPDPAAA	YQFGPDFPIA	different
5c07	D	CAMRGDSSYKLIF	WGPDPAAA	YQFGPDFPIA	different
5c07	D	CAMRGDSSYKLIF	AQWGPDPAAA	YQFGPDFPIA	different
5c07	D	CAMRGDSSYKLIF	RQFGPDWIVA	YQFGPDFPIA	different
5c07	D	CAMRGDSSYKLIF	RQWGPDPAAV	YQFGPDFPIA	different
5c07	D	CAMRGDSSYKLIF	YLGGPDFPTI	YQFGPDFPIA	different
5c07	D	CAMRGDSSYKLIF	YQFGPDFPIA	YQFGPDFPIA	same
5c07	D	CAMRGDSSYKLIF	RQFGPDFPTI	YQFGPDFPIA	different
5c07	D	CAMRGDSSYKLIF	MVWGPDPLYV	YQFGPDFPIA	different
5c07	I	CAMRGDSSYKLIF	ALWGPDPAAA	YQFGPDFPIA	different
5c07	I	CAMRGDSSYKLIF	WGPDPAAA	YQFGPDFPIA	different
5c07	I	CAMRGDSSYKLIF	AQWGPDPAAA	YQFGPDFPIA	different
5c07	I	CAMRGDSSYKLIF	RQFGPDWIVA	YQFGPDFPIA	different
5c07	I	CAMRGDSSYKLIF	RQWGPDPAAV	YQFGPDFPIA	different
5c07	I	CAMRGDSSYKLIF	YLGGPDFPTI	YQFGPDFPIA	different
5c07	I	CAMRGDSSYKLIF	YQFGPDFPIA	YQFGPDFPIA	same
5c07	I	CAMRGDSSYKLIF	RQFGPDFPTI	YQFGPDFPIA	different
5c07	I	CAMRGDSSYKLIF	MVWGPDPLYV	YQFGPDFPIA	different
5c07	E	CASSLWEKLAKNIQYF	ALWGPDPAAA	YQFGPDFPIA	different
5c07	E	CASSLWEKLAKNIQYF	WGPDPAAA	YQFGPDFPIA	different
5c07	E	CASSLWEKLAKNIQYF	AQWGPDPAAA	YQFGPDFPIA	different
5c07	E	CASSLWEKLAKNIQYF	RQFGPDWIVA	YQFGPDFPIA	different
5c07	E	CASSLWEKLAKNIQYF	RQWGPDPAAV	YQFGPDFPIA	different
5c07	E	CASSLWEKLAKNIQYF	YLGGPDFPTI	YQFGPDFPIA	different
5c07	E	CASSLWEKLAKNIQYF	YQFGPDFPIA	YQFGPDFPIA	same
5c07	E	CASSLWEKLAKNIQYF	RQFGPDFPTI	YQFGPDFPIA	different
5c07	E	CASSLWEKLAKNIQYF	MVWGPDPLYV	YQFGPDFPIA	different
5c07	J	CASSLWEKLAKNIQYF	ALWGPDPAAA	YQFGPDFPIA	different
5c07	J	CASSLWEKLAKNIQYF	WGPDPAAA	YQFGPDFPIA	different
5c07	J	CASSLWEKLAKNIQYF	AQWGPDPAAA	YQFGPDFPIA	different
5c07	J	CASSLWEKLAKNIQYF	RQFGPDWIVA	YQFGPDFPIA	different
5c07	J	CASSLWEKLAKNIQYF	RQWGPDPAAV	YQFGPDFPIA	different
5c07	J	CASSLWEKLAKNIQYF	YLGGPDFPTI	YQFGPDFPIA	different
5c07	J	CASSLWEKLAKNIQYF	YQFGPDFPIA	YQFGPDFPIA	same
5c07	J	CASSLWEKLAKNIQYF	RQFGPDFPTI	YQFGPDFPIA	different
5c07	J	CASSLWEKLAKNIQYF	MVWGPDPLYV	YQFGPDFPIA	different
5c08	D	CAMRGDSSYKLIF	ALWGPDPAAA	RQWGPDPAAV	different
5c08	D	CAMRGDSSYKLIF	WGPDPAAA	RQWGPDPAAV	different
5c08	D	CAMRGDSSYKLIF	AQWGPDPAAA	RQWGPDPAAV	different
5c08	D	CAMRGDSSYKLIF	RQFGPDWIVA	RQWGPDPAAV	different
5c08	D	CAMRGDSSYKLIF	RQWGPDPAAV	RQWGPDPAAV	same
5c08	D	CAMRGDSSYKLIF	YLGGPDFPTI	RQWGPDPAAV	different
5c08	D	CAMRGDSSYKLIF	YQFGPDFPIA	RQWGPDPAAV	different
5c08	D	CAMRGDSSYKLIF	RQFGPDFPTI	RQWGPDPAAV	different
5c08	D	CAMRGDSSYKLIF	MVWGPDPLYV	RQWGPDPAAV	different
5c08	I	CAMRGDSSYKLIF	ALWGPDPAAA	RQWGPDPAAV	different
5c08	I	CAMRGDSSYKLIF	WGPDPAAA	RQWGPDPAAV	different
5c08	I	CAMRGDSSYKLIF	AQWGPDPAAA	RQWGPDPAAV	different
5c08	I	CAMRGDSSYKLIF	RQFGPDWIVA	RQWGPDPAAV	different
5c08	I	CAMRGDSSYKLIF	RQWGPDPAAV	RQWGPDPAAV	same
5c08	I	CAMRGDSSYKLIF	YLGGPDFPTI	RQWGPDPAAV	different
5c08	I	CAMRGDSSYKLIF	YQFGPDFPIA	RQWGPDPAAV	different
5c08	I	CAMRGDSSYKLIF	RQFGPDFPTI	RQWGPDPAAV	different
5c08	I	CAMRGDSSYKLIF	MVWGPDPLYV	RQWGPDPAAV	different
5c08	E	CASSLWEKLAKNIQYF	ALWGPDPAAA	RQWGPDPAAV	different
5c08	E	CASSLWEKLAKNIQYF	WGPDPAAA	RQWGPDPAAV	different
5c08	E	CASSLWEKLAKNIQYF	AQWGPDPAAA	RQWGPDPAAV	different
5c08	E	CASSLWEKLAKNIQYF	RQFGPDWIVA	RQWGPDPAAV	different
5c08	E	CASSLWEKLAKNIQYF	RQWGPDPAAV	RQWGPDPAAV	same
5c08	E	CASSLWEKLAKNIQYF	YLGGPDFPTI	RQWGPDPAAV	different
5c08	E	CASSLWEKLAKNIQYF	YQFGPDFPIA	RQWGPDPAAV	different
5c08	E	CASSLWEKLAKNIQYF	RQFGPDFPTI	RQWGPDPAAV	different
5c08	E	CASSLWEKLAKNIQYF	MVWGPDPLYV	RQWGPDPAAV	different
5c08	J	CASSLWEKLAKNIQYF	ALWGPDPAAA	RQWGPDPAAV	different
5c08	J	CASSLWEKLAKNIQYF	WGPDPAAA	RQWGPDPAAV	different
5c08	J	CASSLWEKLAKNIQYF	AQWGPDPAAA	RQWGPDPAAV	different
5c08	J	CASSLWEKLAKNIQYF	RQFGPDWIVA	RQWGPDPAAV	different
5c08	J	CASSLWEKLAKNIQYF	RQWGPDPAAV	RQWGPDPAAV	same
5c08	J	CASSLWEKLAKNIQYF	YLGGPDFPTI	RQWGPDPAAV	different
5c08	J	CASSLWEKLAKNIQYF	YQFGPDFPIA	RQWGPDPAAV	different
5c08	J	CASSLWEKLAKNIQYF	RQFGPDFPTI	RQWGPDPAAV	different
5c08	J	CASSLWEKLAKNIQYF	MVWGPDPLYV	RQWGPDPAAV	different
5c09	D	CAMRGDSSYKLIF	ALWGPDPAAA	YLGGPDFPTI	different
5c09	D	CAMRGDSSYKLIF	WGPDPAAA	YLGGPDFPTI	different
5c09	D	CAMRGDSSYKLIF	AQWGPDPAAA	YLGGPDFPTI	different
5c09	D	CAMRGDSSYKLIF	RQFGPDWIVA	YLGGPDFPTI	different
5c09	D	CAMRGDSSYKLIF	RQWGPDPAAV	YLGGPDFPTI	different
5c09	D	CAMRGDSSYKLIF	YLGGPDFPTI	YLGGPDFPTI	same
5c09	D	CAMRGDSSYKLIF	YQFGPDFPIA	YLGGPDFPTI	different
5c09	D	CAMRGDSSYKLIF	RQFGPDFPTI	YLGGPDFPTI	different
5c09	D	CAMRGDSSYKLIF	MVWGPDPLYV	YLGGPDFPTI	different
5c09	I	CAMRGDSSYKLIF	ALWGPDPAAA	YLGGPDFPTI	different
5c09	I	CAMRGDSSYKLIF	WGPDPAAA	YLGGPDFPTI	different
5c09	I	CAMRGDSSYKLIF	AQWGPDPAAA	YLGGPDFPTI	different
5c09	I	CAMRGDSSYKLIF	RQFGPDWIVA	YLGGPDFPTI	different
5c09	I	CAMRGDSSYKLIF	RQWGPDPAAV	YLGGPDFPTI	different
5c09	I	CAMRGDSSYKLIF	YLGGPDFPTI	YLGGPDFPTI	same
5c09	I	CAMRGDSSYKLIF	YQFGPDFPIA	YLGGPDFPTI	different
5c09	I	CAMRGDSSYKLIF	RQFGPDFPTI	YLGGPDFPTI	different
5c09	I	CAMRGDSSYKLIF	MVWGPDPLYV	YLGGPDFPTI	different
5c09	E	CASSLWEKLAKNIQYF	ALWGPDPAAA	YLGGPDFPTI	different
5c09	E	CASSLWEKLAKNIQYF	WGPDPAAA	YLGGPDFPTI	different
5c09	E	CASSLWEKLAKNIQYF	AQWGPDPAAA	YLGGPDFPTI	different
5c09	E	CASSLWEKLAKNIQYF	RQFGPDWIVA	YLGGPDFPTI	different
5c09	E	CASSLWEKLAKNIQYF	RQWGPDPAAV	YLGGPDFPTI	different
5c09	E	CASSLWEKLAKNIQYF	YLGGPDFPTI	YLGGPDFPTI	same
5c09	E	CASSLWEKLAKNIQYF	YQFGPDFPIA	YLGGPDFPTI	different
5c09	E	CASSLWEKLAKNIQYF	RQFGPDFPTI	YLGGPDFPTI	different
5c09	E	CASSLWEKLAKNIQYF	MVWGPDPLYV	YLGGPDFPTI	different
5c09	J	CASSLWEKLAKNIQYF	ALWGPDPAAA	YLGGPDFPTI	different
5c09	J	CASSLWEKLAKNIQYF	WGPDPAAA	YLGGPDFPTI	different
5c09	J	CASSLWEKLAKNIQYF	AQWGPDPAAA	YLGGPDFPTI	different
5c09	J	CASSLWEKLAKNIQYF	RQFGPDWIVA	YLGGPDFPTI	different
5c09	J	CASSLWEKLAKNIQYF	RQWGPDPAAV	YLGGPDFPTI	different
5c09	J	CASSLWEKLAKNIQYF	YLGGPDFPTI	YLGGPDFPTI	same
5c09	J	CASSLWEKLAKNIQYF	YQFGPDFPIA	YLGGPDFPTI	different
5c09	J	CASSLWEKLAKNIQYF	RQFGPDFPTI	YLGGPDFPTI	different
5c09	J	CASSLWEKLAKNIQYF	MVWGPDPLYV	YLGGPDFPTI	different
5c0a	D	CAMRGDSSYKLIF	ALWGPDPAAA	MVWGPDPLYV	different
5c0a	D	CAMRGDSSYKLIF	WGPDPAAA	MVWGPDPLYV	different
5c0a	D	CAMRGDSSYKLIF	AQWGPDPAAA	MVWGPDPLYV	different
5c0a	D	CAMRGDSSYKLIF	RQFGPDWIVA	MVWGPDPLYV	different
5c0a	D	CAMRGDSSYKLIF	RQWGPDPAAV	MVWGPDPLYV	different
5c0a	D	CAMRGDSSYKLIF	YLGGPDFPTI	MVWGPDPLYV	different
5c0a	D	CAMRGDSSYKLIF	YQFGPDFPIA	MVWGPDPLYV	different
5c0a	D	CAMRGDSSYKLIF	RQFGPDFPTI	MVWGPDPLYV	different
5c0a	D	CAMRGDSSYKLIF	MVWGPDPLYV	MVWGPDPLYV	same
5c0a	I	CAMRGDSSYKLIF	ALWGPDPAAA	MVWGPDPLYV	different
5c0a	I	CAMRGDSSYKLIF	WGPDPAAA	MVWGPDPLYV	different
5c0a	I	CAMRGDSSYKLIF	AQWGPDPAAA	MVWGPDPLYV	different
5c0a	I	CAMRGDSSYKLIF	RQFGPDWIVA	MVWGPDPLYV	different
5c0a	I	CAMRGDSSYKLIF	RQWGPDPAAV	MVWGPDPLYV	different
5c0a	I	CAMRGDSSYKLIF	YLGGPDFPTI	MVWGPDPLYV	different
5c0a	I	CAMRGDSSYKLIF	YQFGPDFPIA	MVWGPDPLYV	different
5c0a	I	CAMRGDSSYKLIF	RQFGPDFPTI	MVWGPDPLYV	different
5c0a	I	CAMRGDSSYKLIF	MVWGPDPLYV	MVWGPDPLYV	same
5c0a	E	CASSLWEKLAKNIQYF	ALWGPDPAAA	MVWGPDPLYV	different
5c0a	E	CASSLWEKLAKNIQYF	WGPDPAAA	MVWGPDPLYV	different
5c0a	E	CASSLWEKLAKNIQYF	AQWGPDPAAA	MVWGPDPLYV	different
5c0a	E	CASSLWEKLAKNIQYF	RQFGPDWIVA	MVWGPDPLYV	different
5c0a	E	CASSLWEKLAKNIQYF	RQWGPDPAAV	MVWGPDPLYV	different
5c0a	E	CASSLWEKLAKNIQYF	YLGGPDFPTI	MVWGPDPLYV	different
5c0a	E	CASSLWEKLAKNIQYF	YQFGPDFPIA	MVWGPDPLYV	different
5c0a	E	CASSLWEKLAKNIQYF	RQFGPDFPTI	MVWGPDPLYV	different
5c0a	E	CASSLWEKLAKNIQYF	MVWGPDPLYV	MVWGPDPLYV	same
5c0a	J	CASSLWEKLAKNIQYF	ALWGPDPAAA	MVWGPDPLYV	different
5c0a	J	CASSLWEKLAKNIQYF	WGPDPAAA	MVWGPDPLYV	different
5c0a	J	CASSLWEKLAKNIQYF	AQWGPDPAAA	MVWGPDPLYV	different
5c0a	J	CASSLWEKLAKNIQYF	RQFGPDWIVA	MVWGPDPLYV	different
5c0a	J	CASSLWEKLAKNIQYF	RQWGPDPAAV	MVWGPDPLYV	different
5c0a	J	CASSLWEKLAKNIQYF	YLGGPDFPTI	MVWGPDPLYV	different
5c0a	J	CASSLWEKLAKNIQYF	YQFGPDFPIA	MVWGPDPLYV	different
5c0a	J	CASSLWEKLAKNIQYF	RQFGPDFPTI	MVWGPDPLYV	different
5c0a	J	CASSLWEKLAKNIQYF	MVWGPDPLYV	MVWGPDPLYV	same
5c0b	D	CAMRGDSSYKLIF	ALWGPDPAAA	RQFGPDFPTI	different
5c0b	D	CAMRGDSSYKLIF	WGPDPAAA	RQFGPDFPTI	different
5c0b	D	CAMRGDSSYKLIF	AQWGPDPAAA	RQFGPDFPTI	different
5c0b	D	CAMRGDSSYKLIF	RQFGPDWIVA	RQFGPDFPTI	different
5c0b	D	CAMRGDSSYKLIF	RQWGPDPAAV	RQFGPDFPTI	different
5c0b	D	CAMRGDSSYKLIF	YLGGPDFPTI	RQFGPDFPTI	different
5c0b	D	CAMRGDSSYKLIF	YQFGPDFPIA	RQFGPDFPTI	different
5c0b	D	CAMRGDSSYKLIF	RQFGPDFPTI	RQFGPDFPTI	same
5c0b	D	CAMRGDSSYKLIF	MVWGPDPLYV	RQFGPDFPTI	different
5c0b	I	CAMRGDSSYKLIF	ALWGPDPAAA	RQFGPDFPTI	different
5c0b	I	CAMRGDSSYKLIF	WGPDPAAA	RQFGPDFPTI	different
5c0b	I	CAMRGDSSYKLIF	AQWGPDPAAA	RQFGPDFPTI	different
5c0b	I	CAMRGDSSYKLIF	RQFGPDWIVA	RQFGPDFPTI	different
5c0b	I	CAMRGDSSYKLIF	RQWGPDPAAV	RQFGPDFPTI	different
5c0b	I	CAMRGDSSYKLIF	YLGGPDFPTI	RQFGPDFPTI	different
5c0b	I	CAMRGDSSYKLIF	YQFGPDFPIA	RQFGPDFPTI	different
5c0b	I	CAMRGDSSYKLIF	RQFGPDFPTI	RQFGPDFPTI	same
5c0b	I	CAMRGDSSYKLIF	MVWGPDPLYV	RQFGPDFPTI	different
5c0b	E	CASSLWEKLAKNIQYF	ALWGPDPAAA	RQFGPDFPTI	different
5c0b	E	CASSLWEKLAKNIQYF	WGPDPAAA	RQFGPDFPTI	different
5c0b	E	CASSLWEKLAKNIQYF	AQWGPDPAAA	RQFGPDFPTI	different
5c0b	E	CASSLWEKLAKNIQYF	RQFGPDWIVA	RQFGPDFPTI	different
5c0b	E	CASSLWEKLAKNIQYF	RQWGPDPAAV	RQFGPDFPTI	different
5c0b	E	CASSLWEKLAKNIQYF	YLGGPDFPTI	RQFGPDFPTI	different
5c0b	E	CASSLWEKLAKNIQYF	YQFGPDFPIA	RQFGPDFPTI	different
5c0b	E	CASSLWEKLAKNIQYF	RQFGPDFPTI	RQFGPDFPTI	same
5c0b	E	CASSLWEKLAKNIQYF	MVWGPDPLYV	RQFGPDFPTI	different
5c0b	J	CASSLWEKLAKNIQYF	ALWGPDPAAA	RQFGPDFPTI	different
5c0b	J	CASSLWEKLAKNIQYF	WGPDPAAA	RQFGPDFPTI	different
5c0b	J	CASSLWEKLAKNIQYF	AQWGPDPAAA	RQFGPDFPTI	different
5c0b	J	CASSLWEKLAKNIQYF	RQFGPDWIVA	RQFGPDFPTI	different
5c0b	J	CASSLWEKLAKNIQYF	RQWGPDPAAV	RQFGPDFPTI	different
5c0b	J	CASSLWEKLAKNIQYF	YLGGPDFPTI	RQFGPDFPTI	different
5c0b	J	CASSLWEKLAKNIQYF	YQFGPDFPIA	RQFGPDFPTI	different
5c0b	J	CASSLWEKLAKNIQYF	RQFGPDFPTI	RQFGPDFPTI	same
5c0b	J	CASSLWEKLAKNIQYF	MVWGPDPLYV	RQFGPDFPTI	different
5c0c	D	CAMRGDSSYKLIF	ALWGPDPAAA	RQFGPDWIVA	different
5c0c	D	CAMRGDSSYKLIF	WGPDPAAA	RQFGPDWIVA	different
5c0c	D	CAMRGDSSYKLIF	AQWGPDPAAA	RQFGPDWIVA	different
5c0c	D	CAMRGDSSYKLIF	RQFGPDWIVA	RQFGPDWIVA	same
5c0c	D	CAMRGDSSYKLIF	RQWGPDPAAV	RQFGPDWIVA	different
5c0c	D	CAMRGDSSYKLIF	YLGGPDFPTI	RQFGPDWIVA	different
5c0c	D	CAMRGDSSYKLIF	YQFGPDFPIA	RQFGPDWIVA	different
5c0c	D	CAMRGDSSYKLIF	RQFGPDFPTI	RQFGPDWIVA	different
5c0c	D	CAMRGDSSYKLIF	MVWGPDPLYV	RQFGPDWIVA	different
5c0c	I	CAMRGDSSYKLIF	ALWGPDPAAA	RQFGPDWIVA	different
5c0c	I	CAMRGDSSYKLIF	WGPDPAAA	RQFGPDWIVA	different
5c0c	I	CAMRGDSSYKLIF	AQWGPDPAAA	RQFGPDWIVA	different
5c0c	I	CAMRGDSSYKLIF	RQFGPDWIVA	RQFGPDWIVA	same
5c0c	I	CAMRGDSSYKLIF	RQWGPDPAAV	RQFGPDWIVA	different
5c0c	I	CAMRGDSSYKLIF	YLGGPDFPTI	RQFGPDWIVA	different
5c0c	I	CAMRGDSSYKLIF	YQFGPDFPIA	RQFGPDWIVA	different
5c0c	I	CAMRGDSSYKLIF	RQFGPDFPTI	RQFGPDWIVA	different
5c0c	I	CAMRGDSSYKLIF	MVWGPDPLYV	RQFGPDWIVA	different
5c0c	E	CASSLWEKLAKNIQYF	ALWGPDPAAA	RQFGPDWIVA	different
5c0c	E	CASSLWEKLAKNIQYF	WGPDPAAA	RQFGPDWIVA	different
5c0c	E	CASSLWEKLAKNIQYF	AQWGPDPAAA	RQFGPDWIVA	different
5c0c	E	CASSLWEKLAKNIQYF	RQFGPDWIVA	RQFGPDWIVA	same
5c0c	E	CASSLWEKLAKNIQYF	RQWGPDPAAV	RQFGPDWIVA	different
5c0c	E	CASSLWEKLAKNIQYF	YLGGPDFPTI	RQFGPDWIVA	different
5c0c	E	CASSLWEKLAKNIQYF	YQFGPDFPIA	RQFGPDWIVA	different
5c0c	E	CASSLWEKLAKNIQYF	RQFGPDFPTI	RQFGPDWIVA	different
5c0c	E	CASSLWEKLAKNIQYF	MVWGPDPLYV	RQFGPDWIVA	different
5c0c	J	CASSLWEKLAKNIQYF	ALWGPDPAAA	RQFGPDWIVA	different
5c0c	J	CASSLWEKLAKNIQYF	WGPDPAAA	RQFGPDWIVA	different
5c0c	J	CASSLWEKLAKNIQYF	AQWGPDPAAA	RQFGPDWIVA	different
5c0c	J	CASSLWEKLAKNIQYF	RQFGPDWIVA	RQFGPDWIVA	same
5c0c	J	CASSLWEKLAKNIQYF	RQWGPDPAAV	RQFGPDWIVA	different
5c0c	J	CASSLWEKLAKNIQYF	YLGGPDFPTI	RQFGPDWIVA	different
5c0c	J	CASSLWEKLAKNIQYF	YQFGPDFPIA	RQFGPDWIVA	different
5c0c	J	CASSLWEKLAKNIQYF	RQFGPDFPTI	RQFGPDWIVA	different
5c0c	J	CASSLWEKLAKNIQYF	MVWGPDPLYV	RQFGPDWIVA	different
5d2l	I	CAFITGNQFYF	NLVPMVATV	NLVPMVATV	same
5d2l	K	CAFITGNQFYF	NLVPMVATV	NLVPMVATV	same
5d2l	O	CAFITGNQFYF	NLVPMVATV	NLVPMVATV	same
5d2l	E	CAFITGNQFYF	NLVPMVATV	NLVPMVATV	same
5d2l	J	CASSQTQLWETQYF	NLVPMVATV	NLVPMVATV	same
5d2l	L	CASSQTQLWETQYF	NLVPMVATV	NLVPMVATV	same
5d2l	P	CASSQTQLWETQYF	NLVPMVATV	NLVPMVATV	same
5d2l	F	CASSQTQLWETQYF	NLVPMVATV	NLVPMVATV	same
5e6i	G	CAGPGGSSNTGKLIF	GILGFVFTL	GILGFVFTL	same
5e6i	A	CAGPGGSSNTGKLIF	GILGFVFTL	GILGFVFTL	same
5e6i	F	CAGPGGSSNTGKLIF	GILGFVFTL	GILGFVFTL	same
5e6i	P	CAGPGGSSNTGKLIF	GILGFVFTL	GILGFVFTL	same
5e6i	H	CASSLIYPGELFF	GILGFVFTL	GILGFVFTL	same
5e6i	B	CASSLIYPGELFF	GILGFVFTL	GILGFVFTL	same
5e6i	L	CASSLIYPGELFF	GILGFVFTL	GILGFVFTL	same
5e6i	Q	CASSLIYPGELFF	GILGFVFTL	GILGFVFTL	same
5e9d	D	CAVTKYSWGKLQF	ELAGIGILTV	ELAGIGILTV	same
5e9d	I	CAVTKYSWGKLQF	ELAGIGILTV	ELAGIGILTV	same
5e9d	E	CASRPGWMAGGVELYF	ELAGIGILTV	ELAGIGILTV	same
5e9d	J	CASRPGWMAGGVELYF	ELAGIGILTV	ELAGIGILTV	same
5eu6	D	CAVLSSGGSNYKLTF	YLEPGPVTV	YLEPGPVTV	same
5eu6	D	CAVLSSGGSNYKLTF	YLEPGPVTA	YLEPGPVTV	different
5eu6	E	CASSFIGGTDTQYF	YLEPGPVTV	YLEPGPVTV	same
5eu6	E	CASSFIGGTDTQYF	YLEPGPVTA	YLEPGPVTV	different
5euo	F	CASSIRSSYEQYF	GILEFVFTL	GILGFVFTL	different
5euo	F	CASSIRSSYEQYF	GLCTLVAML	GILGFVFTL	different
5euo	F	CASSIRSSYEQYF	MLAVISCAV	GILGFVFTL	different
5euo	F	CASSIRSSYEQYF	GILGFVFTL	GILGFVFTL	same
5euo	H	CASSIRSSYEQYF	GILEFVFTL	GILGFVFTL	different
5euo	H	CASSIRSSYEQYF	GLCTLVAML	GILGFVFTL	different
5euo	H	CASSIRSSYEQYF	MLAVISCAV	GILGFVFTL	different
5euo	H	CASSIRSSYEQYF	GILGFVFTL	GILGFVFTL	same
5euo	E	CAGAIGPSNTGKLIF	GILGFVFTL	GILGFVFTL	same
5euo	G	CAGAIGPSNTGKLIF	GILGFVFTL	GILGFVFTL	same
5hhm	D	CAGAGSQGNLIF	GILEFVFTL	GILGLVFTL	different
5hhm	D	CAGAGSQGNLIF	GILGLVFTL	GILGLVFTL	same
5hhm	D	CAGAGSQGNLIF	PKYVKQNTLKLAT	GILGLVFTL	different
5hhm	D	CAGAGSQGNLIF	GILGFVFTL	GILGLVFTL	different
5hhm	I	CAGAGSQGNLIF	GILEFVFTL	GILGLVFTL	different
5hhm	I	CAGAGSQGNLIF	GILGLVFTL	GILGLVFTL	same
5hhm	I	CAGAGSQGNLIF	PKYVKQNTLKLAT	GILGLVFTL	different
5hhm	I	CAGAGSQGNLIF	GILGFVFTL	GILGLVFTL	different
5hhm	E	CASSSRSSYEQYF	GILGLVFTL	GILGLVFTL	same
5hhm	E	CASSSRSSYEQYF	PKYVKQNTLKLAT	GILGLVFTL	different
5hhm	E	CASSSRSSYEQYF	GILGFVFTL	GILGLVFTL	different
5hhm	J	CASSSRSSYEQYF	GILGLVFTL	GILGLVFTL	same
5hhm	J	CASSSRSSYEQYF	PKYVKQNTLKLAT	GILGLVFTL	different
5hhm	J	CASSSRSSYEQYF	GILGFVFTL	GILGLVFTL	different
5hho	E	CASSIRSSYEQYF	GILEFVFTL	GILEFVFTL	same
5hho	E	CASSIRSSYEQYF	GLCTLVAML	GILEFVFTL	different
5hho	E	CASSIRSSYEQYF	MLAVISCAV	GILEFVFTL	different
5hho	E	CASSIRSSYEQYF	GILGFVFTL	GILEFVFTL	different
5hho	D	CAGAGSQGNLIF	GILEFVFTL	GILEFVFTL	same
5hho	D	CAGAGSQGNLIF	GILGLVFTL	GILEFVFTL	different
5hho	D	CAGAGSQGNLIF	PKYVKQNTLKLAT	GILEFVFTL	different
5hho	D	CAGAGSQGNLIF	GILGFVFTL	GILEFVFTL	different
5hyj	D	CAMRGDSSYKLIF	ALWGPDPAAA	AQWGPDPAAA	different
5hyj	D	CAMRGDSSYKLIF	WGPDPAAA	AQWGPDPAAA	different
5hyj	D	CAMRGDSSYKLIF	AQWGPDPAAA	AQWGPDPAAA	same
5hyj	D	CAMRGDSSYKLIF	RQFGPDWIVA	AQWGPDPAAA	different
5hyj	D	CAMRGDSSYKLIF	RQWGPDPAAV	AQWGPDPAAA	different
5hyj	D	CAMRGDSSYKLIF	YLGGPDFPTI	AQWGPDPAAA	different
5hyj	D	CAMRGDSSYKLIF	YQFGPDFPIA	AQWGPDPAAA	different
5hyj	D	CAMRGDSSYKLIF	RQFGPDFPTI	AQWGPDPAAA	different
5hyj	D	CAMRGDSSYKLIF	MVWGPDPLYV	AQWGPDPAAA	different
5hyj	I	CAMRGDSSYKLIF	ALWGPDPAAA	AQWGPDPAAA	different
5hyj	I	CAMRGDSSYKLIF	WGPDPAAA	AQWGPDPAAA	different
5hyj	I	CAMRGDSSYKLIF	AQWGPDPAAA	AQWGPDPAAA	same
5hyj	I	CAMRGDSSYKLIF	RQFGPDWIVA	AQWGPDPAAA	different
5hyj	I	CAMRGDSSYKLIF	RQWGPDPAAV	AQWGPDPAAA	different
5hyj	I	CAMRGDSSYKLIF	YLGGPDFPTI	AQWGPDPAAA	different
5hyj	I	CAMRGDSSYKLIF	YQFGPDFPIA	AQWGPDPAAA	different
5hyj	I	CAMRGDSSYKLIF	RQFGPDFPTI	AQWGPDPAAA	different
5hyj	I	CAMRGDSSYKLIF	MVWGPDPLYV	AQWGPDPAAA	different
5hyj	E	CASSLWEKLAKNIQYF	ALWGPDPAAA	AQWGPDPAAA	different
5hyj	E	CASSLWEKLAKNIQYF	WGPDPAAA	AQWGPDPAAA	different
5hyj	E	CASSLWEKLAKNIQYF	AQWGPDPAAA	AQWGPDPAAA	same
5hyj	E	CASSLWEKLAKNIQYF	RQFGPDWIVA	AQWGPDPAAA	different
5hyj	E	CASSLWEKLAKNIQYF	RQWGPDPAAV	AQWGPDPAAA	different
5hyj	E	CASSLWEKLAKNIQYF	YLGGPDFPTI	AQWGPDPAAA	different
5hyj	E	CASSLWEKLAKNIQYF	YQFGPDFPIA	AQWGPDPAAA	different
5hyj	E	CASSLWEKLAKNIQYF	RQFGPDFPTI	AQWGPDPAAA	different
5hyj	E	CASSLWEKLAKNIQYF	MVWGPDPLYV	AQWGPDPAAA	different
5hyj	J	CASSLWEKLAKNIQYF	ALWGPDPAAA	AQWGPDPAAA	different
5hyj	J	CASSLWEKLAKNIQYF	WGPDPAAA	AQWGPDPAAA	different
5hyj	J	CASSLWEKLAKNIQYF	AQWGPDPAAA	AQWGPDPAAA	same
5hyj	J	CASSLWEKLAKNIQYF	RQFGPDWIVA	AQWGPDPAAA	different
5hyj	J	CASSLWEKLAKNIQYF	RQWGPDPAAV	AQWGPDPAAA	different
5hyj	J	CASSLWEKLAKNIQYF	YLGGPDFPTI	AQWGPDPAAA	different
5hyj	J	CASSLWEKLAKNIQYF	YQFGPDFPIA	AQWGPDPAAA	different
5hyj	J	CASSLWEKLAKNIQYF	RQFGPDFPTI	AQWGPDPAAA	different
5hyj	J	CASSLWEKLAKNIQYF	MVWGPDPLYV	AQWGPDPAAA	different
5isz	D	CAFDTNAGKSTF	GILGFVFTL	GILGFVFTL	same
5isz	E	CASSIFGQREQYF	GILGFVFTL	GILGFVFTL	same
5ivx	E	CAASASFGDNSKLIW	RGPGRAFVTI	RGPGRAFVTI	same
5ivx	F	CASSLGHTEVFF	RGPGRAFVTI	RGPGRAFVTI	same
5jhd	E	CASSIGVYGYTF	GILGFVFTL	GILGFVFTL	same
5jhd	J	CASSIGVYGYTF	GILGFVFTL	GILGFVFTL	same
5jhd	D	CAWGVNAGGTSYGKLTF	GILGFVFTL	GILGFVFTL	same
5jhd	I	CAWGVNAGGTSYGKLTF	GILGFVFTL	GILGFVFTL	same
5jzi	D	CAYGEDDKIIF	KLVALVINAV	KLVALGINAV	different
5jzi	D	CAYGEDDKIIF	KLVALGINAV	KLVALGINAV	same
5jzi	I	CAYGEDDKIIF	KLVALVINAV	KLVALGINAV	different
5jzi	I	CAYGEDDKIIF	KLVALGINAV	KLVALGINAV	same
5jzi	E	CASRRGPYEQYF	KLVALVINAV	KLVALGINAV	different
5jzi	E	CASRRGPYEQYF	KLVALGINAV	KLVALGINAV	same
5jzi	J	CASRRGPYEQYF	KLVALVINAV	KLVALGINAV	different
5jzi	J	CASRRGPYEQYF	KLVALGINAV	KLVALGINAV	same
5ks9	E	CAVALNNNAGNMLTF	APSGEGSFQPSQENPQ	APSGEGSFQPSQENPQ	same
5ks9	G	CAVALNNNAGNMLTF	APSGEGSFQPSQENPQ	APSGEGSFQPSQENPQ	same
5ks9	F	CASSVAPGSDTQYF	APSGEGSFQPSQENPQ	APSGEGSFQPSQENPQ	same
5ks9	H	CASSVAPGSDTQYF	APSGEGSFQPSQENPQ	APSGEGSFQPSQENPQ	same
5ksa	C	CAVQFMDSNYQLIW	QPQQSFPEQEA	QPQQSFPEQEA	same
5ksa	D	CASSVAGTPSYEQYF	QPQQSFPEQEA	QPQQSFPEQEA	same
5ksb	E	CAVQASGGSYIPTF	GPQQSFPEQEA	GPQQSFPEQEA	same
5ksb	E	CAVQASGGSYIPTF	EPLPQGQLTAY	GPQQSFPEQEA	different
5ksb	G	CAVQASGGSYIPTF	GPQQSFPEQEA	GPQQSFPEQEA	same
5ksb	G	CAVQASGGSYIPTF	EPLPQGQLTAY	GPQQSFPEQEA	different
5ksb	F	CASSNRGLGTDTQYF	GPQQSFPEQEA	GPQQSFPEQEA	same
5ksb	H	CASSNRGLGTDTQYF	GPQQSFPEQEA	GPQQSFPEQEA	same
5m00	G	CAALYGNEKITF	KAVYNFATM	KAVANFATM	different
5m00	G	CAALYGNEKITF	KAPFNFATM	KAVANFATM	different
5m00	G	CAALYGNEKITF	KAPYDYAPI	KAVANFATM	different
5m00	G	CAALYGNEKITF	KAPYNFATM	KAVANFATM	different
5m00	G	CAALYGNEKITF	KAVANFATM	KAVANFATM	same
5m00	G	CAALYGNEKITF	KAPANFATM	KAVANFATM	different
5m00	H	CASSDAGGRNTLYF	KAVYNFATM	KAVANFATM	different
5m00	H	CASSDAGGRNTLYF	KAPFNFATM	KAVANFATM	different
5m00	H	CASSDAGGRNTLYF	KAPYDYAPI	KAVANFATM	different
5m00	H	CASSDAGGRNTLYF	KAPYNFATM	KAVANFATM	different
5m00	H	CASSDAGGRNTLYF	KAVANFATM	KAVANFATM	same
5m00	H	CASSDAGGRNTLYF	KAPANFATM	KAVANFATM	different
5m01	G	CAALYGNEKITF	KAVYNFATM	KAPANFATM	different
5m01	G	CAALYGNEKITF	KAPFNFATM	KAPANFATM	different
5m01	G	CAALYGNEKITF	KAPYDYAPI	KAPANFATM	different
5m01	G	CAALYGNEKITF	KAPYNFATM	KAPANFATM	different
5m01	G	CAALYGNEKITF	KAVANFATM	KAPANFATM	different
5m01	G	CAALYGNEKITF	KAPANFATM	KAPANFATM	same
5m01	H	CASSDAGGRNTLYF	KAVYNFATM	KAPANFATM	different
5m01	H	CASSDAGGRNTLYF	KAPFNFATM	KAPANFATM	different
5m01	H	CASSDAGGRNTLYF	KAPYDYAPI	KAPANFATM	different
5m01	H	CASSDAGGRNTLYF	KAPYNFATM	KAPANFATM	different
5m01	H	CASSDAGGRNTLYF	KAVANFATM	KAPANFATM	different
5m01	H	CASSDAGGRNTLYF	KAPANFATM	KAPANFATM	same
5m02	G	CAALYGNEKITF	KAVYNFATM	KAPFNFATM	different
5m02	G	CAALYGNEKITF	KAPFNFATM	KAPFNFATM	same
5m02	G	CAALYGNEKITF	KAPYDYAPI	KAPFNFATM	different
5m02	G	CAALYGNEKITF	KAPYNFATM	KAPFNFATM	different
5m02	G	CAALYGNEKITF	KAVANFATM	KAPFNFATM	different
5m02	G	CAALYGNEKITF	KAPANFATM	KAPFNFATM	different
5m02	H	CASSDAGGRNTLYF	KAVYNFATM	KAPFNFATM	different
5m02	H	CASSDAGGRNTLYF	KAPFNFATM	KAPFNFATM	same
5m02	H	CASSDAGGRNTLYF	KAPYDYAPI	KAPFNFATM	different
5m02	H	CASSDAGGRNTLYF	KAPYNFATM	KAPFNFATM	different
5m02	H	CASSDAGGRNTLYF	KAVANFATM	KAPFNFATM	different
5m02	H	CASSDAGGRNTLYF	KAPANFATM	KAPFNFATM	different
5men	D	CAVDSATSGTYKYIF	NEGVKAAW	ILAKFLHWL	different
5men	D	CAVDSATSGTYKYIF	PKYVKQNTLKLAT	ILAKFLHWL	different
5men	D	CAVDSATSGTYKYIF	ILAKFLHWL	ILAKFLHWL	same
5men	E	CASSYQGTEAFF	ILAKFLHWL	ILAKFLHWL	same
5nht	A	CAVGGGADGLTF	ELAGIGILTV	ELAGIGILTV	same
5nht	B	CASSQGLAGAGELFF	ELAGIGILTV	ELAGIGILTV	same
5nme	D	CAVRTNSGYALNF	SLYNTVATL	SLYNTVATL	same
5nme	D	CAVRTNSGYALNF	SLYNTIATL	SLYNTVATL	different
5nme	D	CAVRTNSGYALNF	SLFNTIAVL	SLYNTVATL	different
5nme	I	CAVRTNSGYALNF	SLYNTVATL	SLYNTVATL	same
5nme	I	CAVRTNSGYALNF	SLYNTIATL	SLYNTVATL	different
5nme	I	CAVRTNSGYALNF	SLFNTIAVL	SLYNTVATL	different
5nme	E	CASSDTVSYEQYF	SLYNTVATL	SLYNTVATL	same
5nme	E	CASSDTVSYEQYF	SLYNTIATL	SLYNTVATL	different
5nme	E	CASSDTVSYEQYF	SLFNTIAVL	SLYNTVATL	different
5nme	J	CASSDTVSYEQYF	SLYNTVATL	SLYNTVATL	same
5nme	J	CASSDTVSYEQYF	SLYNTIATL	SLYNTVATL	different
5nme	J	CASSDTVSYEQYF	SLFNTIAVL	SLYNTVATL	different
5nmf	D	CAVRTNSGYALNF	SLYNTVATL	SLYNTIATL	different
5nmf	D	CAVRTNSGYALNF	SLYNTIATL	SLYNTIATL	same
5nmf	D	CAVRTNSGYALNF	SLFNTIAVL	SLYNTIATL	different
5nmf	I	CAVRTNSGYALNF	SLYNTVATL	SLYNTIATL	different
5nmf	I	CAVRTNSGYALNF	SLYNTIATL	SLYNTIATL	same
5nmf	I	CAVRTNSGYALNF	SLFNTIAVL	SLYNTIATL	different
5nmf	E	CASSDTVSYEQYF	SLYNTVATL	SLYNTIATL	different
5nmf	E	CASSDTVSYEQYF	SLYNTIATL	SLYNTIATL	same
5nmf	E	CASSDTVSYEQYF	SLFNTIAVL	SLYNTIATL	different
5nmf	J	CASSDTVSYEQYF	SLYNTVATL	SLYNTIATL	different
5nmf	J	CASSDTVSYEQYF	SLYNTIATL	SLYNTIATL	same
5nmf	J	CASSDTVSYEQYF	SLFNTIAVL	SLYNTIATL	different
5nmg	D	CAVRTNSGYALNF	SLYNTVATL	SLFNTIAVL	different
5nmg	D	CAVRTNSGYALNF	SLYNTIATL	SLFNTIAVL	different
5nmg	D	CAVRTNSGYALNF	SLFNTIAVL	SLFNTIAVL	same
5nmg	I	CAVRTNSGYALNF	SLYNTVATL	SLFNTIAVL	different
5nmg	I	CAVRTNSGYALNF	SLYNTIATL	SLFNTIAVL	different
5nmg	I	CAVRTNSGYALNF	SLFNTIAVL	SLFNTIAVL	same
5nmg	E	CASSDTVSYEQYF	SLYNTVATL	SLFNTIAVL	different
5nmg	E	CASSDTVSYEQYF	SLYNTIATL	SLFNTIAVL	different
5nmg	E	CASSDTVSYEQYF	SLFNTIAVL	SLFNTIAVL	same
5nmg	J	CASSDTVSYEQYF	SLYNTVATL	SLFNTIAVL	different
5nmg	J	CASSDTVSYEQYF	SLYNTIATL	SLFNTIAVL	different
5nmg	J	CASSDTVSYEQYF	SLFNTIAVL	SLFNTIAVL	same
5nqk	B	CASSQGLAGAGELFF	ELAGIGILTV	ELAGIGILTV	same
5nqk	A	CAGGGGADGLTF	ELAGIGILTV	ELAGIGILTV	same
5nqk	A	CAGGGGADGLTF	RLARLALVL	ELAGIGILTV	different
5sws	D	CAASEGSGSWQLIF	ASNENMETM	ASNENMETM	same
5sws	E	CASSAGLDAEQYF	ASNENMETM	ASNENMETM	same
5swz	D	CAASETSGSWQLIF	ASNENMETM	ASNENMETM	same
5swz	I	CAASETSGSWQLIF	ASNENMETM	ASNENMETM	same
5swz	N	CAASETSGSWQLIF	ASNENMETM	ASNENMETM	same
5swz	S	CAASETSGSWQLIF	ASNENMETM	ASNENMETM	same
5swz	E	CASSRDLGRDTQYF	ASNENMETM	ASNENMETM	same
5swz	J	CASSRDLGRDTQYF	ASNENMETM	ASNENMETM	same
5swz	O	CASSRDLGRDTQYF	ASNENMETM	ASNENMETM	same
5swz	T	CASSRDLGRDTQYF	ASNENMETM	ASNENMETM	same
5tez	I	CAASFIIQGAQKLVF	GILGFVFTL	GILGFVFTL	same
5tez	J	CASSLLGGWSEAFF	GILGFVFTL	GILGFVFTL	same
5til	G	CAALYGNEKITF	KAVYNFATM	KAPYNFATM	different
5til	G	CAALYGNEKITF	KAPFNFATM	KAPYNFATM	different
5til	G	CAALYGNEKITF	KAPYDYAPI	KAPYNFATM	different
5til	G	CAALYGNEKITF	KAPYNFATM	KAPYNFATM	same
5til	G	CAALYGNEKITF	KAVANFATM	KAPYNFATM	different
5til	G	CAALYGNEKITF	KAPANFATM	KAPYNFATM	different
5til	K	CAALYGNEKITF	KAVYNFATM	KAPYNFATM	different
5til	K	CAALYGNEKITF	KAPFNFATM	KAPYNFATM	different
5til	K	CAALYGNEKITF	KAPYDYAPI	KAPYNFATM	different
5til	K	CAALYGNEKITF	KAPYNFATM	KAPYNFATM	same
5til	K	CAALYGNEKITF	KAVANFATM	KAPYNFATM	different
5til	K	CAALYGNEKITF	KAPANFATM	KAPYNFATM	different
5til	H	CASSDAGGRNTLYF	KAVYNFATM	KAPYNFATM	different
5til	H	CASSDAGGRNTLYF	KAPFNFATM	KAPYNFATM	different
5til	H	CASSDAGGRNTLYF	KAPYDYAPI	KAPYNFATM	different
5til	H	CASSDAGGRNTLYF	KAPYNFATM	KAPYNFATM	same
5til	H	CASSDAGGRNTLYF	KAVANFATM	KAPYNFATM	different
5til	H	CASSDAGGRNTLYF	KAPANFATM	KAPYNFATM	different
5til	L	CASSDAGGRNTLYF	KAVYNFATM	KAPYNFATM	different
5til	L	CASSDAGGRNTLYF	KAPFNFATM	KAPYNFATM	different
5til	L	CASSDAGGRNTLYF	KAPYDYAPI	KAPYNFATM	different
5til	L	CASSDAGGRNTLYF	KAPYNFATM	KAPYNFATM	same
5til	L	CASSDAGGRNTLYF	KAVANFATM	KAPYNFATM	different
5til	L	CASSDAGGRNTLYF	KAPANFATM	KAPYNFATM	different
5tje	G	CAALYGNEKITF	KAVYNFATM	KAVYNFATM	same
5tje	G	CAALYGNEKITF	KAPFNFATM	KAVYNFATM	different
5tje	G	CAALYGNEKITF	KAPYDYAPI	KAVYNFATM	different
5tje	G	CAALYGNEKITF	KAPYNFATM	KAVYNFATM	different
5tje	G	CAALYGNEKITF	KAVANFATM	KAVYNFATM	different
5tje	G	CAALYGNEKITF	KAPANFATM	KAVYNFATM	different
5tje	E	CAALYGNEKITF	KAVYNFATM	KAVYNFATM	same
5tje	E	CAALYGNEKITF	KAPFNFATM	KAVYNFATM	different
5tje	E	CAALYGNEKITF	KAPYDYAPI	KAVYNFATM	different
5tje	E	CAALYGNEKITF	KAPYNFATM	KAVYNFATM	different
5tje	E	CAALYGNEKITF	KAVANFATM	KAVYNFATM	different
5tje	E	CAALYGNEKITF	KAPANFATM	KAVYNFATM	different
5tje	H	CASSDAGGRNTLYF	KAVYNFATM	KAVYNFATM	same
5tje	H	CASSDAGGRNTLYF	KAPFNFATM	KAVYNFATM	different
5tje	H	CASSDAGGRNTLYF	KAPYDYAPI	KAVYNFATM	different
5tje	H	CASSDAGGRNTLYF	KAPYNFATM	KAVYNFATM	different
5tje	H	CASSDAGGRNTLYF	KAVANFATM	KAVYNFATM	different
5tje	H	CASSDAGGRNTLYF	KAPANFATM	KAVYNFATM	different
5tje	F	CASSDAGGRNTLYF	KAVYNFATM	KAVYNFATM	same
5tje	F	CASSDAGGRNTLYF	KAPFNFATM	KAVYNFATM	different
5tje	F	CASSDAGGRNTLYF	KAPYDYAPI	KAVYNFATM	different
5tje	F	CASSDAGGRNTLYF	KAPYNFATM	KAVYNFATM	different
5tje	F	CASSDAGGRNTLYF	KAVANFATM	KAVYNFATM	different
5tje	F	CASSDAGGRNTLYF	KAPANFATM	KAVYNFATM	different
5w1v	D	CAGQPLGGSNYKLTF	VMAPRTLVL	VMAPRTLIL	different
5w1v	D	CAGQPLGGSNYKLTF	VMAPRTLIL	VMAPRTLIL	same
5w1v	I	CAGQPLGGSNYKLTF	VMAPRTLVL	VMAPRTLIL	different
5w1v	I	CAGQPLGGSNYKLTF	VMAPRTLIL	VMAPRTLIL	same
5w1v	N	CAGQPLGGSNYKLTF	VMAPRTLVL	VMAPRTLIL	different
5w1v	N	CAGQPLGGSNYKLTF	VMAPRTLIL	VMAPRTLIL	same
5w1v	S	CAGQPLGGSNYKLTF	VMAPRTLVL	VMAPRTLIL	different
5w1v	S	CAGQPLGGSNYKLTF	VMAPRTLIL	VMAPRTLIL	same
5w1v	E	CASSANPGDSSNEKLFF	VMAPRTLVL	VMAPRTLIL	different
5w1v	E	CASSANPGDSSNEKLFF	VMAPRTLIL	VMAPRTLIL	same
5w1v	J	CASSANPGDSSNEKLFF	VMAPRTLVL	VMAPRTLIL	different
5w1v	J	CASSANPGDSSNEKLFF	VMAPRTLIL	VMAPRTLIL	same
5w1v	O	CASSANPGDSSNEKLFF	VMAPRTLVL	VMAPRTLIL	different
5w1v	O	CASSANPGDSSNEKLFF	VMAPRTLIL	VMAPRTLIL	same
5w1v	T	CASSANPGDSSNEKLFF	VMAPRTLVL	VMAPRTLIL	different
5w1v	T	CASSANPGDSSNEKLFF	VMAPRTLIL	VMAPRTLIL	same
5w1w	D	CAGQPLGGSNYKLTF	VMAPRTLVL	VMAPRTLVL	same
5w1w	D	CAGQPLGGSNYKLTF	VMAPRTLIL	VMAPRTLVL	different
5w1w	I	CAGQPLGGSNYKLTF	VMAPRTLVL	VMAPRTLVL	same
5w1w	I	CAGQPLGGSNYKLTF	VMAPRTLIL	VMAPRTLVL	different
5w1w	N	CAGQPLGGSNYKLTF	VMAPRTLVL	VMAPRTLVL	same
5w1w	N	CAGQPLGGSNYKLTF	VMAPRTLIL	VMAPRTLVL	different
5w1w	S	CAGQPLGGSNYKLTF	VMAPRTLVL	VMAPRTLVL	same
5w1w	S	CAGQPLGGSNYKLTF	VMAPRTLIL	VMAPRTLVL	different
5w1w	E	CASSANPGDSSNEKLFF	VMAPRTLVL	VMAPRTLVL	same
5w1w	E	CASSANPGDSSNEKLFF	VMAPRTLIL	VMAPRTLVL	different
5w1w	J	CASSANPGDSSNEKLFF	VMAPRTLVL	VMAPRTLVL	same
5w1w	J	CASSANPGDSSNEKLFF	VMAPRTLIL	VMAPRTLVL	different
5w1w	O	CASSANPGDSSNEKLFF	VMAPRTLVL	VMAPRTLVL	same
5w1w	O	CASSANPGDSSNEKLFF	VMAPRTLIL	VMAPRTLVL	different
5w1w	T	CASSANPGDSSNEKLFF	VMAPRTLVL	VMAPRTLVL	same
5w1w	T	CASSANPGDSSNEKLFF	VMAPRTLIL	VMAPRTLVL	different
5wkf	D	CGLGDAGNMLTF	GTSGSPIVNR	GTSGSPIVNR	same
5wkf	D	CGLGDAGNMLTF	GTSGSPIINR	GTSGSPIVNR	different
5wkf	I	CGLGDAGNMLTF	GTSGSPIVNR	GTSGSPIVNR	same
5wkf	I	CGLGDAGNMLTF	GTSGSPIINR	GTSGSPIVNR	different
5wkf	E	CASSLGQGLLYGYTF	GTSGSPIVNR	GTSGSPIVNR	same
5wkf	E	CASSLGQGLLYGYTF	GTSGSPIINR	GTSGSPIVNR	different
5wkf	J	CASSLGQGLLYGYTF	GTSGSPIVNR	GTSGSPIVNR	same
5wkf	J	CASSLGQGLLYGYTF	GTSGSPIINR	GTSGSPIVNR	different
5wkh	D	CGLGDAGNMLTF	GTSGSPIVNR	GTSGSPIINR	different
5wkh	D	CGLGDAGNMLTF	GTSGSPIINR	GTSGSPIINR	same
5wkh	I	CGLGDAGNMLTF	GTSGSPIVNR	GTSGSPIINR	different
5wkh	I	CGLGDAGNMLTF	GTSGSPIINR	GTSGSPIINR	same
5wkh	E	CASSLGQGLLYGYTF	GTSGSPIVNR	GTSGSPIINR	different
5wkh	E	CASSLGQGLLYGYTF	GTSGSPIINR	GTSGSPIINR	same
5wkh	J	CASSLGQGLLYGYTF	GTSGSPIVNR	GTSGSPIINR	different
5wkh	J	CASSLGQGLLYGYTF	GTSGSPIINR	GTSGSPIINR	same
5wlg	E	CASSDWGDTGQLYF	SQLLNAKYL	SQLLNAKYL	same
5wlg	J	CASSDWGDTGQLYF	SQLLNAKYL	SQLLNAKYL	same
5wlg	D	CATVYAQGLTF	SQLLNAKYL	SQLLNAKYL	same
5wlg	I	CATVYAQGLTF	SQLLNAKYL	SQLLNAKYL	same
5xot	D	CALGEGGAQKLVF	VPLTEDAEL	IPLTEEAEL	different
5xot	D	CALGEGGAQKLVF	IPLTEEAEL	IPLTEEAEL	same
5xot	E	CASRTRGGTLIEQYF	VPLTEDAEL	IPLTEEAEL	different
5xot	E	CASRTRGGTLIEQYF	IPLTEEAEL	IPLTEEAEL	same
5xov	I	CALGELARSGGYQKVTF	RYPLTFGWCF	RYPLTFGWCF	same
5xov	G	CALGELARSGGYQKVTF	RYPLTFGWCF	RYPLTFGWCF	same
5xov	J	CAWSVSVGAGVPTIYF	RYPLTFGWCF	RYPLTFGWCF	same
5xov	H	CAWSVSVGAGVPTIYF	RYPLTFGWCF	RYPLTFGWCF	same
5yxn	A	CAYGEDDKIIF	KLVALVINAV	KLVALGINAV	different
5yxn	A	CAYGEDDKIIF	KLVALGINAV	KLVALGINAV	same
5yxn	B	CASRRGPYEQYF	KLVALVINAV	KLVALGINAV	different
5yxn	B	CASRRGPYEQYF	KLVALGINAV	KLVALGINAV	same
5yxu	F	CAYGEDDKIIF	KLVALVINAV	KLVALGINAV	different
5yxu	F	CAYGEDDKIIF	KLVALGINAV	KLVALGINAV	same
5yxu	A	CAYGEDDKIIF	KLVALVINAV	KLVALGINAV	different
5yxu	A	CAYGEDDKIIF	KLVALGINAV	KLVALGINAV	same
5yxu	G	CASRRGSAELYF	KLVALGINAV	KLVALGINAV	same
5yxu	B	CASRRGSAELYF	KLVALGINAV	KLVALGINAV	same
6am5	D	CAVNFGGGKLIF	AAGIGILTV	SMLGIGIVPV	different
6am5	D	CAVNFGGGKLIF	ELAGIGILTV	SMLGIGIVPV	different
6am5	D	CAVNFGGGKLIF	MMWDRGLGMM	SMLGIGIVPV	different
6am5	D	CAVNFGGGKLIF	SMLGIGIVPV	SMLGIGIVPV	same
6am5	E	CASSLSFGTEAFF	AAGIGILTV	SMLGIGIVPV	different
6am5	E	CASSLSFGTEAFF	ELAGIGILTV	SMLGIGIVPV	different
6am5	E	CASSLSFGTEAFF	MMWDRGLGMM	SMLGIGIVPV	different
6am5	E	CASSLSFGTEAFF	SMLGIGIVPV	SMLGIGIVPV	same
6amu	D	CAVNFGGGKLIF	AAGIGILTV	MMWDRGLGMM	different
6amu	D	CAVNFGGGKLIF	ELAGIGILTV	MMWDRGLGMM	different
6amu	D	CAVNFGGGKLIF	MMWDRGLGMM	MMWDRGLGMM	same
6amu	D	CAVNFGGGKLIF	SMLGIGIVPV	MMWDRGLGMM	different
6amu	E	CASSLSFGTEAFF	AAGIGILTV	MMWDRGLGMM	different
6amu	E	CASSLSFGTEAFF	ELAGIGILTV	MMWDRGLGMM	different
6amu	E	CASSLSFGTEAFF	MMWDRGLGMM	MMWDRGLGMM	same
6amu	E	CASSLSFGTEAFF	SMLGIGIVPV	MMWDRGLGMM	different
6avf	B	CASSQRQEGDTQYF	APRGPHGGAASGL	APRGPHGGAASGL	same
6avg	D	CASSGGHTGSNEQFF	APRGPHGGAASGL	APRGPHGGAASGL	same
6avg	E	CASSGGHTGSNEQFF	APRGPHGGAASGL	APRGPHGGAASGL	same
6bga	C	CAALRATGGNNKLTF	ADLIAYLKQATKG	YVVVPD	different
6bga	C	CAALRATGGNNKLTF	ADSLSFFSSSIKRGGGSLVP	YVVVPD	different
6bga	C	CAALRATGGNNKLTF	PADPLAFFSSAIKGGGGSLV	YVVVPD	different
6bga	D	CASSLNWSQDTQYF	ADLIAYLKQATKG	YVVVPD	different
6bga	D	CASSLNWSQDTQYF	ADSLSFFSSSIKRGGGSLVP	YVVVPD	different
6bga	D	CASSLNWSQDTQYF	PADPLAFFSSAIKGGGGSLV	YVVVPD	different
6bj2	D	CALSHNSGGSNYKLTF	IPLTEEAEL	IPLTEEAEL	same
6bj2	E	CASSFRGGKTQYF	IPLTEEAEL	IPLTEEAEL	same
6bj3	D	CALGEGGAQKLVF	VPLTEDAEL	IPLTEEAEL	different
6bj3	D	CALGEGGAQKLVF	IPLTEEAEL	IPLTEEAEL	same
6bj3	H	CASRTRGGTLIEQYF	VPLTEDAEL	IPLTEEAEL	different
6bj3	H	CASRTRGGTLIEQYF	IPLTEEAEL	IPLTEEAEL	same
6bj8	D	CALGEGGAQKLVF	VPLTEDAEL	VPLTEDAEL	same
6bj8	D	CALGEGGAQKLVF	IPLTEEAEL	VPLTEDAEL	different
6bj8	H	CASRTRGGTLIEQYF	VPLTEDAEL	VPLTEDAEL	same
6bj8	H	CASRTRGGTLIEQYF	IPLTEEAEL	VPLTEDAEL	different
6cql	D	CAFKAAGNKLTF	DRFYKTLRAEQASQEV	RFYKTLRAEQASQ	different
6cql	D	CAFKAAGNKLTF	RFYKTLRAEQASQ	RFYKTLRAEQASQ	same
6cql	D	CAFKAAGNKLTF	FRDYVDRFYKTLRAEQASQE	RFYKTLRAEQASQ	different
6cql	E	CASSRLAGGMDEQFF	RFYKTLRAEQASQ	RFYKTLRAEQASQ	same
6cql	E	CASSRLAGGMDEQFF	FRDYVDRFYKTLRAEQASQE	RFYKTLRAEQASQ	different
6cqn	D	CAFKAAGNKLTF	DRFYKTLRAEQASQEV	RFYKTLRAEQASQ	different
6cqn	D	CAFKAAGNKLTF	RFYKTLRAEQASQ	RFYKTLRAEQASQ	same
6cqn	D	CAFKAAGNKLTF	FRDYVDRFYKTLRAEQASQE	RFYKTLRAEQASQ	different
6cqn	E	CASSGLAGGMDEQFF	RFYKTLRAEQASQ	RFYKTLRAEQASQ	same
6cqn	E	CASSGLAGGMDEQFF	FRDYVDRFYKTLRAEQASQE	RFYKTLRAEQASQ	different
6cqq	D	CAFKAAGNKLTF	DRFYKTLRAEQASQEV	RFYKTLRAEQASQ	different
6cqq	D	CAFKAAGNKLTF	RFYKTLRAEQASQ	RFYKTLRAEQASQ	same
6cqq	D	CAFKAAGNKLTF	FRDYVDRFYKTLRAEQASQE	RFYKTLRAEQASQ	different
6cqq	I	CAFKAAGNKLTF	DRFYKTLRAEQASQEV	RFYKTLRAEQASQ	different
6cqq	I	CAFKAAGNKLTF	RFYKTLRAEQASQ	RFYKTLRAEQASQ	same
6cqq	I	CAFKAAGNKLTF	FRDYVDRFYKTLRAEQASQE	RFYKTLRAEQASQ	different
6cqq	E	CASSRLAGGMDEQFF	RFYKTLRAEQASQ	RFYKTLRAEQASQ	same
6cqq	E	CASSRLAGGMDEQFF	FRDYVDRFYKTLRAEQASQE	RFYKTLRAEQASQ	different
6cqq	J	CASSRLAGGMDEQFF	RFYKTLRAEQASQ	RFYKTLRAEQASQ	same
6cqq	J	CASSRLAGGMDEQFF	FRDYVDRFYKTLRAEQASQE	RFYKTLRAEQASQ	different
6cqr	D	CAFKAAGNKLTF	DRFYKTLRAEQASQEV	RFYKTLRAEQASQ	different
6cqr	D	CAFKAAGNKLTF	RFYKTLRAEQASQ	RFYKTLRAEQASQ	same
6cqr	D	CAFKAAGNKLTF	FRDYVDRFYKTLRAEQASQE	RFYKTLRAEQASQ	different
6cqr	I	CAFKAAGNKLTF	DRFYKTLRAEQASQEV	RFYKTLRAEQASQ	different
6cqr	I	CAFKAAGNKLTF	RFYKTLRAEQASQ	RFYKTLRAEQASQ	same
6cqr	I	CAFKAAGNKLTF	FRDYVDRFYKTLRAEQASQE	RFYKTLRAEQASQ	different
6cqr	E	CASSRLAGGMDEQFF	RFYKTLRAEQASQ	RFYKTLRAEQASQ	same
6cqr	E	CASSRLAGGMDEQFF	FRDYVDRFYKTLRAEQASQE	RFYKTLRAEQASQ	different
6cqr	J	CASSRLAGGMDEQFF	RFYKTLRAEQASQ	RFYKTLRAEQASQ	same
6cqr	J	CASSRLAGGMDEQFF	FRDYVDRFYKTLRAEQASQE	RFYKTLRAEQASQ	different
6d78	D	CAVNFGGGKLIF	AAGIGILTV	AAGIGILTV	same
6d78	D	CAVNFGGGKLIF	ELAGIGILTV	AAGIGILTV	different
6d78	D	CAVNFGGGKLIF	MMWDRGLGMM	AAGIGILTV	different
6d78	D	CAVNFGGGKLIF	SMLGIGIVPV	AAGIGILTV	different
6d78	E	CASSWSFGTEAFF	ELAGIGILTV	AAGIGILTV	different
6d78	E	CASSWSFGTEAFF	AAGIGILTV	AAGIGILTV	same
6dkp	D	CAVNFGGGKLIF	AAGIGILTV	ELAGIGILTV	different
6dkp	D	CAVNFGGGKLIF	ELAGIGILTV	ELAGIGILTV	same
6dkp	D	CAVNFGGGKLIF	MMWDRGLGMM	ELAGIGILTV	different
6dkp	D	CAVNFGGGKLIF	SMLGIGIVPV	ELAGIGILTV	different
6dkp	E	CASSWSFGTEAFF	ELAGIGILTV	ELAGIGILTV	same
6dkp	E	CASSWSFGTEAFF	AAGIGILTV	ELAGIGILTV	different
6eqa	D	CAVNVAGKSTF	AAGIGILTV	AAGIGILTV	same
6eqa	D	CAVNVAGKSTF	NLSALGIFST	AAGIGILTV	different
6eqa	D	CAVNVAGKSTF	LLLGIGILVL	AAGIGILTV	different
6eqa	D	CAVNVAGKSTF	ELAGIGILTV	AAGIGILTV	different
6eqa	D	CAVNVAGKSTF	EAAGIGILTV	AAGIGILTV	different
6eqa	E	CAWSETGLGTGELFF	AAGIGILTV	AAGIGILTV	same
6eqa	E	CAWSETGLGTGELFF	NLSALGIFST	AAGIGILTV	different
6eqa	E	CAWSETGLGTGELFF	LLLGIGILVL	AAGIGILTV	different
6eqa	E	CAWSETGLGTGELFF	ELAGIGILTV	AAGIGILTV	different
6eqa	E	CAWSETGLGTGELFF	EAAGIGILTV	AAGIGILTV	different
6eqb	D	CAVNDGGRLTF	ELAAIGILTV	AAGIGILTV	different
6eqb	D	CAVNDGGRLTF	AAGIGILTV	AAGIGILTV	same
6eqb	D	CAVNDGGRLTF	ELAGIGILTV	AAGIGILTV	different
6eqb	D	CAVNDGGRLTF	ELAGIGALTV	AAGIGILTV	different
6eqb	D	CAVNDGGRLTF	EAAGIGILTV	AAGIGILTV	different
6eqb	E	CAWSETGLGMGGWQF	ELAAIGILTV	AAGIGILTV	different
6eqb	E	CAWSETGLGMGGWQF	AAGIGILTV	AAGIGILTV	same
6eqb	E	CAWSETGLGMGGWQF	ELAGIGILTV	AAGIGILTV	different
6eqb	E	CAWSETGLGMGGWQF	ELAGIGALTV	AAGIGILTV	different
6eqb	E	CAWSETGLGMGGWQF	EAAGIGILTV	AAGIGILTV	different
6g9q	G	CAALYGNEKITF	KAVYNFATM	KAPYDYAPI	different
6g9q	G	CAALYGNEKITF	KAPFNFATM	KAPYDYAPI	different
6g9q	G	CAALYGNEKITF	KAPYDYAPI	KAPYDYAPI	same
6g9q	G	CAALYGNEKITF	KAPYNFATM	KAPYDYAPI	different
6g9q	G	CAALYGNEKITF	KAVANFATM	KAPYDYAPI	different
6g9q	G	CAALYGNEKITF	KAPANFATM	KAPYDYAPI	different
6g9q	H	CASSDAGGRNTLYF	KAVYNFATM	KAPYDYAPI	different
6g9q	H	CASSDAGGRNTLYF	KAPFNFATM	KAPYDYAPI	different
6g9q	H	CASSDAGGRNTLYF	KAPYDYAPI	KAPYDYAPI	same
6g9q	H	CASSDAGGRNTLYF	KAPYNFATM	KAPYDYAPI	different
6g9q	H	CASSDAGGRNTLYF	KAVANFATM	KAPYDYAPI	different
6g9q	H	CASSDAGGRNTLYF	KAPANFATM	KAPYDYAPI	different
6mtm	D	CGTERSGGYQKVTF	FEDLRVLSF	FEDLRVLSF	same
6mtm	E	CASSMSAMGTEAFF	FEDLRVLSF	FEDLRVLSF	same
6p64	D	CAFMDSNYQLIW	GILGFVFTL	KQWLVWLFL	different
6p64	D	CAFMDSNYQLIW	KQWLVWLFL	KQWLVWLFL	same
6p64	I	CAFMDSNYQLIW	GILGFVFTL	KQWLVWLFL	different
6p64	I	CAFMDSNYQLIW	KQWLVWLFL	KQWLVWLFL	same
6p64	E	CASSRTSPTDTQYF	KQWLVWLFL	KQWLVWLFL	same
6p64	J	CASSRTSPTDTQYF	KQWLVWLFL	KQWLVWLFL	same
6px6	D	CAVHTGARLMF	APFSEQEQPVLG	APFSEQEQPVLG	same
6px6	E	CASSHGASTDTQYF	APFSEQEQPVLG	APFSEQEQPVLG	same
6py2	D	CASPQGGSEKLVF	APFSEQEQPVLG	APFSEQEQPVLG	same
6py2	E	CASSSGGWGGGTEAFF	APFSEQEQPVLG	APFSEQEQPVLG	same
6q3s	D	CAVRPTSGGSYIPTF	SLLMWITQV	SLLMWITQV	same
6q3s	D	CAVRPTSGGSYIPTF	SLLMWITQC	SLLMWITQV	different
6q3s	E	CASSYVGNTGELFF	SLLMWITQV	SLLMWITQV	same
6q3s	E	CASSYVGNTGELFF	SLLMWITQC	SLLMWITQV	different
6r2l	D	CAVGGNDWNTDKLIF	SLSKILDTV	SLSKILDTV	same
6r2l	E	CASSPLDVSISSYNEQFF	SLSKILDTV	SLSKILDTV	same
6rp9	D	CALTRGPGNQFYF	SLLMWITQV	SLLMWITQV	same
6rp9	I	CALTRGPGNQFYF	SLLMWITQV	SLLMWITQV	same
6rp9	K	CALTRGPGNQFYF	SLLMWITQV	SLLMWITQV	same
6rpa	D	CAVRDINSGAGSYQLTF	SLLMWITQV	SLLMWITQV	same
6rpa	E	CSVGGSGGADTQYF	SLLMWITQV	SLLMWITQV	same
6rpb	D	CAVKSGGSYIPTF	SLLMWITQV	SLLMWITQV	same
6rpb	I	CAVKSGGSYIPTF	SLLMWITQV	SLLMWITQV	same
6rpb	N	CAVKSGGSYIPTF	SLLMWITQV	SLLMWITQV	same
6rpb	S	CAVKSGGSYIPTF	SLLMWITQV	SLLMWITQV	same
6rpb	E	CASSYLNRDSALDF	SLLMWITQV	SLLMWITQV	same
6rpb	J	CASSYLNRDSALDF	SLLMWITQV	SLLMWITQV	same
6rpb	O	CASSYLNRDSALDF	SLLMWITQV	SLLMWITQV	same
6rpb	T	CASSYLNRDSALDF	SLLMWITQV	SLLMWITQV	same
6rsy	E	CASSLGFGRDVMRF	RMFPNAPYL	RMFPNAPYL	same
6rsy	J	CASSLGFGRDVMRF	RMFPNAPYL	RMFPNAPYL	same
6tmo	D	CAVNDGGRLTF	ELAAIGILTV	EAAGIGILTV	different
6tmo	D	CAVNDGGRLTF	AAGIGILTV	EAAGIGILTV	different
6tmo	D	CAVNDGGRLTF	ELAGIGILTV	EAAGIGILTV	different
6tmo	D	CAVNDGGRLTF	ELAGIGALTV	EAAGIGILTV	different
6tmo	D	CAVNDGGRLTF	EAAGIGILTV	EAAGIGILTV	same
6tmo	E	CAWSETGLGMGGWQF	ELAAIGILTV	EAAGIGILTV	different
6tmo	E	CAWSETGLGMGGWQF	AAGIGILTV	EAAGIGILTV	different
6tmo	E	CAWSETGLGMGGWQF	ELAGIGILTV	EAAGIGILTV	different
6tmo	E	CAWSETGLGMGGWQF	ELAGIGALTV	EAAGIGILTV	different
6tmo	E	CAWSETGLGMGGWQF	EAAGIGILTV	EAAGIGILTV	same
6tro	E	CASSFLMTSGDPYEQYF	GVYDGREHTV	GVYDGREHTV	same
6u3n	D	CAVGAGSNYQLIW	PFPQPELPY	APMPMPELPYP	different
6u3n	D	CAVGAGSNYQLIW	APMPMPELPYP	APMPMPELPYP	same
6u3n	E	CASSLEGQGASEQFF	PFPQPELPY	APMPMPELPYP	different
6u3n	E	CASSLEGQGASEQFF	APMPMPELPYP	APMPMPELPYP	same
6u3o	H	CASSFRALAADTQYF	AVVQSELPYPEGS	AVVQSELPYPEGS	same
6u3o	H	CASSFRALAADTQYF	PQPELPYPQ	AVVQSELPYPEGS	different
6u3o	H	CASSFRALAADTQYF	APQPELPYPQPGS	AVVQSELPYPEGS	different
6u3o	B	CASSFRALAADTQYF	AVVQSELPYPEGS	AVVQSELPYPEGS	same
6u3o	B	CASSFRALAADTQYF	PQPELPYPQ	AVVQSELPYPEGS	different
6u3o	B	CASSFRALAADTQYF	APQPELPYPQPGS	AVVQSELPYPEGS	different
6uk2	D	CAFMDSNYQLIW	GILGFVFTL	KQWLVWLLL	different
6uk2	D	CAFMDSNYQLIW	KQWLVWLFL	KQWLVWLLL	different
6uk2	E	CASSRTSPTDTQYF	KQWLVWLFL	KQWLVWLLL	different
6uk4	D	CAFMDSNYQLIW	GILGFVFTL	KQWLVWLFL	different
6uk4	D	CAFMDSNYQLIW	KQWLVWLFL	KQWLVWLFL	same
6uk4	E	CASSRTSPTDTQYF	KQWLVWLFL	KQWLVWLFL	same
6uln	E	CASSLGQTNYGYTF	GADGVGKSAL	GADGVGKSA	different
6ulr	E	CASSLGEGRVDGYTF	GADGVGKSL	GADGVGKSA	different
6uon	G	CAAAMDSSYKLIF	GADGVGKSAL	GADGVGKSAL	same
6uon	I	CAAAMDSSYKLIF	GADGVGKSAL	GADGVGKSAL	same
6uon	H	CASSDPGTEAFF	GADGVGKSAL	GADGVGKSAL	same
6uon	J	CASSDPGTEAFF	GADGVGKSAL	GADGVGKSAL	same
6uz1	I	CAVTTDRSGKLQF	LLFGYPVYV	LLFGYPVYV	same
6uz1	D	CAVTTDRSGKLQF	LLFGYPVYV	LLFGYPVYV	same
6uz1	J	CASRPGAAGGRPELYF	LLFGYPVYV	LLFGYPVYV	same
6uz1	E	CASRPGAAGGRPELYF	LLFGYPVYV	LLFGYPVYV	same
6vm7	D	CAVNARRNTPLVF	ITDQVPFSV	ITDQVPFSV	same
6vm7	D	CAVNARRNTPLVF	IMDQVPFSV	ITDQVPFSV	different
6vm7	E	CASSITLSSYNEQFF	ITDQVPFSV	ITDQVPFSV	same
6vm7	E	CASSITLSSYNEQFF	IMDQVPFSV	ITDQVPFSV	different
6vm8	D	CAVNARRNTPLVF	ITDQVPFSV	IMDQVPFSV	different
6vm8	D	CAVNARRNTPLVF	IMDQVPFSV	IMDQVPFSV	same
6vm8	E	CASSITLSSYNEQFF	ITDQVPFSV	IMDQVPFSV	different
6vm8	E	CASSITLSSYNEQFF	IMDQVPFSV	IMDQVPFSV	same
6vm9	D	CAVNALLGNQFYF	ITDQVPFSV	IMDQVPFSV	different
6vm9	D	CAVNALLGNQFYF	IMDQVPFSV	IMDQVPFSV	same
6vm9	D	CAVNALLGNQFYF	ILDQVPFSV	IMDQVPFSV	different
6vm9	E	CASSMGGTYEQYF	ITDQVPFSV	IMDQVPFSV	different
6vm9	E	CASSMGGTYEQYF	IMDQVPFSV	IMDQVPFSV	same
6vm9	E	CASSMGGTYEQYF	ILDQVPFSV	IMDQVPFSV	different
6vma	D	CAVNALLGNQFYF	ITDQVPFSV	ITDQVPFSV	same
6vma	D	CAVNALLGNQFYF	IMDQVPFSV	ITDQVPFSV	different
6vma	D	CAVNALLGNQFYF	ILDQVPFSV	ITDQVPFSV	different
6vma	E	CASSMGGTYEQYF	ITDQVPFSV	ITDQVPFSV	same
6vma	E	CASSMGGTYEQYF	IMDQVPFSV	ITDQVPFSV	different
6vma	E	CASSMGGTYEQYF	ILDQVPFSV	ITDQVPFSV	different
6vmc	D	CAVNALLGNQFYF	ITDQVPFSV	ILDQVPFSV	different
6vmc	D	CAVNALLGNQFYF	IMDQVPFSV	ILDQVPFSV	different
6vmc	D	CAVNALLGNQFYF	ILDQVPFSV	ILDQVPFSV	same
6vmc	E	CASSMGGTYEQYF	ITDQVPFSV	ILDQVPFSV	different
6vmc	E	CASSMGGTYEQYF	IMDQVPFSV	ILDQVPFSV	different
6vmc	E	CASSMGGTYEQYF	ILDQVPFSV	ILDQVPFSV	same
6vmx	D	CAFGSSNTGKLIF	RPPIFIRRL	RPPIFIRRL	same
6vmx	I	CAFGSSNTGKLIF	RPPIFIRRL	RPPIFIRRL	same
6vmx	E	CASSQDLFTGGYTF	RPPIFIRRL	RPPIFIRRL	same
6vmx	J	CASSQDLFTGGYTF	RPPIFIRRL	RPPIFIRRL	same
6vqo	D	CAMSGLKEDSSYKLIF	HMTEVVRHC	HMTEVVRHC	same
6vqo	H	CAMSGLKEDSSYKLIF	HMTEVVRHC	HMTEVVRHC	same
6vqo	E	CASSIQQGADTQYF	HMTEVVRHC	HMTEVVRHC	same
6vqo	J	CASSIQQGADTQYF	HMTEVVRHC	HMTEVVRHC	same
6vrm	D	CVVQPGGYQKVTF	HMTEVVRHC	HMTEVVRHC	same
6vrm	E	CASSEGLWQVGDEQYF	HMTEVVRHC	HMTEVVRHC	same
6vrn	D	CAFMGYSGAGSYQLTF	HMTEVVRHC	HMTEVVRHC	same
6vrn	E	CAISELVTGDSPLHF	HMTEVVRHC	HMTEVVRHC	same
6zkw	D	CAVTNQAGTALIF	RLPAKAPLLGCG	RLPAKAPLL	different
6zkw	D	CAVTNQAGTALIF	RLPAKAPL	RLPAKAPLL	different
6zkw	D	CAVTNQAGTALIF	RLPAKAPLL	RLPAKAPLL	same
6zkw	E	CASSYSIRGSRGEQFF	RLPAKAPLLGCG	RLPAKAPLL	different
6zkw	E	CASSYSIRGSRGEQFF	RLPAKAPL	RLPAKAPLL	different
6zkw	E	CASSYSIRGSRGEQFF	RLPAKAPLL	RLPAKAPLL	same
6zkx	D	CAVTNQAGTALIF	RLPAKAPLLGCG	RLPAKAPLLGCG	same
6zkx	D	CAVTNQAGTALIF	RLPAKAPL	RLPAKAPLLGCG	different
6zkx	D	CAVTNQAGTALIF	RLPAKAPLL	RLPAKAPLLGCG	different
6zkx	E	CASSYSIRGSRGEQFF	RLPAKAPLLGCG	RLPAKAPLLGCG	same
6zkx	E	CASSYSIRGSRGEQFF	RLPAKAPL	RLPAKAPLLGCG	different
6zkx	E	CASSYSIRGSRGEQFF	RLPAKAPLL	RLPAKAPLLGCG	different
6zky	D	CAVTNQAGTALIF	RLPAKAPLLGCG	RLPAKAPL	different
6zky	D	CAVTNQAGTALIF	RLPAKAPL	RLPAKAPL	same
6zky	D	CAVTNQAGTALIF	RLPAKAPLL	RLPAKAPL	different
6zky	E	CASSYSIRGSRGEQFF	RLPAKAPLLGCG	RLPAKAPL	different
6zky	E	CASSYSIRGSRGEQFF	RLPAKAPL	RLPAKAPL	same
6zky	E	CASSYSIRGSRGEQFF	RLPAKAPLL	RLPAKAPL	different
6zkz	D	CAVTNQAGTALIF	RLPAKAPLLGCG	RLPAKAPL	different
6zkz	D	CAVTNQAGTALIF	RLPAKAPL	RLPAKAPL	same
6zkz	D	CAVTNQAGTALIF	RLPAKAPLL	RLPAKAPL	different
6zkz	E	CASSYSIRGSRGEQFF	RLPAKAPLLGCG	RLPAKAPL	different
6zkz	E	CASSYSIRGSRGEQFF	RLPAKAPL	RLPAKAPL	same
6zkz	E	CASSYSIRGSRGEQFF	RLPAKAPLL	RLPAKAPL	different
7dzm	D	CASSLGIDAIYF	TPQDLNTML	TPQDLNTML	same
7dzn	D	CASSLGIDAIYF	TPQDLNTML	TPQDLNTML	same
7jwi	D	CAASETSGSWQLIF	ASNENMETM	ASNENMETM	same
7jwi	E	CASSRDLGRDTQYF	ASNENMETM	ASNENMETM	same
7jwj	D	CAAVTGNTGKLIF	ASNENMETM	ASNENMETM	same
7jwj	E	CASSRGTIHSNTEVFF	ASNENMETM	ASNENMETM	same
7l1d	D	CAGNTGTASKLTF	ALHGGWTTK	ALHGGWTTK	same
7l1d	E	CASSGLAGGPVSGANVLTF	ALHGGWTTK	ALHGGWTTK	same
7n1e	E	CASSLGGAGGADTQYF	RLQSLQTYV	RLQSLQTYV	same
7n1f	E	CASSPDIEQYF	YLQPRTFLL	YLQPRTFLL	same
7n1f	D	CAVNRDDKIIF	GILGFVFTL	YLQPRTFLL	different
7n1f	D	CAVNRDDKIIF	YLQPRTFLL	YLQPRTFLL	same
7n2n	D	CAVLSPVQETSGSRLTF	LRVMMLAPF	TRLALIAPK	different
7n2n	D	CAVLSPVQETSGSRLTF	TRLALIAPK	TRLALIAPK	same
7n2n	F	CASSVGLFSTDTQYF	LRVMMLAPF	TRLALIAPK	different
7n2n	F	CASSVGLFSTDTQYF	TRLALIAPK	TRLALIAPK	same
7n2o	D	CAVLSPVQETSGSRLTF	LRVMMLAPF	LRVMMLAPF	same
7n2o	D	CAVLSPVQETSGSRLTF	TRLALIAPK	LRVMMLAPF	different
7n2o	F	CASSVGLFSTDTQYF	LRVMMLAPF	LRVMMLAPF	same
7n2o	F	CASSVGLFSTDTQYF	TRLALIAPK	LRVMMLAPF	different
7n2p	D	CAVSNFNKFYF	GQVMVVAPR	GQVMVVAPR	same
7n2p	D	CAVSNFNKFYF	LRVMMLAPF	GQVMVVAPR	different
7n2p	D	CAVSNFNKFYF	TRLALIAPK	GQVMVVAPR	different
7n2p	F	CASSVATYSTDTQYF	GQVMVVAPR	GQVMVVAPR	same
7n2p	F	CASSVATYSTDTQYF	LRVMMLAPF	GQVMVVAPR	different
7n2p	F	CASSVATYSTDTQYF	TRLALIAPK	GQVMVVAPR	different
7n2q	D	CAVSNFNKFYF	GQVMVVAPR	LRVMMLAPF	different
7n2q	D	CAVSNFNKFYF	LRVMMLAPF	LRVMMLAPF	same
7n2q	D	CAVSNFNKFYF	TRLALIAPK	LRVMMLAPF	different
7n2q	E	CAVSNFNKFYF	GQVMVVAPR	LRVMMLAPF	different
7n2q	E	CAVSNFNKFYF	LRVMMLAPF	LRVMMLAPF	same
7n2q	E	CAVSNFNKFYF	TRLALIAPK	LRVMMLAPF	different
7n2q	F	CASSVATYSTDTQYF	GQVMVVAPR	LRVMMLAPF	different
7n2q	F	CASSVATYSTDTQYF	LRVMMLAPF	LRVMMLAPF	same
7n2q	F	CASSVATYSTDTQYF	TRLALIAPK	LRVMMLAPF	different
7n2q	G	CASSVATYSTDTQYF	GQVMVVAPR	LRVMMLAPF	different
7n2q	G	CASSVATYSTDTQYF	LRVMMLAPF	LRVMMLAPF	same
7n2q	G	CASSVATYSTDTQYF	TRLALIAPK	LRVMMLAPF	different
7n2r	D	CAVSNFNKFYF	GQVMVVAPR	TRLALIAPK	different
7n2r	D	CAVSNFNKFYF	LRVMMLAPF	TRLALIAPK	different
7n2r	D	CAVSNFNKFYF	TRLALIAPK	TRLALIAPK	same
7n2r	F	CASSVATYSTDTQYF	GQVMVVAPR	TRLALIAPK	different
7n2r	F	CASSVATYSTDTQYF	LRVMMLAPF	TRLALIAPK	different
7n2r	F	CASSVATYSTDTQYF	TRLALIAPK	TRLALIAPK	same
7n2s	D	CAVSLGTGAGSYQLTF	TRLALIAPK	TRLALIAPK	same
7n2s	F	CASSVGLYSTDTQYF	TRLALIAPK	TRLALIAPK	same
7n4k	E	CASSFGREQYF	SSLENFRAYV	SSLENFRAYV	same
7n4k	E	CASSFGREQYF	SSLCNFRAYV	SSLENFRAYV	different
7n5c	E	CASSFGREQYF	SSLENFRAYV	SSLCNFRAYV	different
7n5c	E	CASSFGREQYF	SSLCNFRAYV	SSLCNFRAYV	same
7n5p	E	CASSFGREQYF	SSLENFRAYV	SSLCNFRAYV	different
7n5p	E	CASSFGREQYF	SSLCNFRAYV	SSLCNFRAYV	same
7n6e	G	CVVNRNNDMRF	YLQPRTFLL	YLQPRTFLL	same
7n6e	I	CVVNRNNDMRF	YLQPRTFLL	YLQPRTFLL	same
7n6e	H	CAGQVTNTGELFF	YLQPRTFLL	YLQPRTFLL	same
7n6e	J	CAGQVTNTGELFF	YLQPRTFLL	YLQPRTFLL	same
7na5	D	CAVSNYNVLYF	YGFRNVVHI	YGFRNVVHI	same
7na5	E	CASSQEPGGYAEQFF	YGFRNVVHI	YGFRNVVHI	same
7nme	D	CAEPSGNTGKLIF	LWMRLLPLL	QLPRLFPLL	different
7nme	D	CAEPSGNTGKLIF	QLPRLFPLL	QLPRLFPLL	same
7nme	E	CASSLHHEQYF	LWMRLLPLL	QLPRLFPLL	different
7nme	E	CASSLHHEQYF	QLPRLFPLL	QLPRLFPLL	same
7nmf	D	CAEPSGNTGKLIF	LWMRLLPLL	QLPRLFPLL	different
7nmf	D	CAEPSGNTGKLIF	QLPRLFPLL	QLPRLFPLL	same
7nmf	E	CASSLHHEQYF	LWMRLLPLL	QLPRLFPLL	different
7nmf	E	CASSLHHEQYF	QLPRLFPLL	QLPRLFPLL	same
7nmg	D	CAEPSGNTGKLIF	LWMRLLPLL	LWMRLLPLL	same
7nmg	D	CAEPSGNTGKLIF	QLPRLFPLL	LWMRLLPLL	different
7nmg	E	CASSLHHEQYF	LWMRLLPLL	LWMRLLPLL	same
7nmg	E	CASSLHHEQYF	QLPRLFPLL	LWMRLLPLL	different
7ow5	D	CAMSVPSGDGSYQFTF	VVVGAGGVGK	VVVGAGGVGK	same
7ow5	D	CAMSVPSGDGSYQFTF	VVVGADGVGK	VVVGAGGVGK	different
7ow5	E	CASKVGPGQHNSPLHF	VVVGAGGVGK	VVVGAGGVGK	same
7ow5	E	CASKVGPGQHNSPLHF	VVVGADGVGK	VVVGAGGVGK	different
7ow6	D	CAMSVPSGDGSYQFTF	VVVGAGGVGK	VVVGADGVGK	different
7ow6	D	CAMSVPSGDGSYQFTF	VVVGADGVGK	VVVGADGVGK	same
7ow6	E	CASKVGPGQHNSPLHF	VVVGAGGVGK	VVVGADGVGK	different
7ow6	E	CASKVGPGQHNSPLHF	VVVGADGVGK	VVVGADGVGK	same
7pb2	D	CALSGPSGAGSYQLTF	VVVGADGVGK	VVVGADGVGK	same
7pb2	I	CALSGPSGAGSYQLTF	VVVGADGVGK	VVVGADGVGK	same
7pb2	E	CASSYGPGQHNSPLHF	VVVGADGVGK	VVVGADGVGK	same
7pb2	J	CASSYGPGQHNSPLHF	VVVGADGVGK	VVVGADGVGK	same
7pbe	D	CVVNINTDKLIF	YLQPRTFLL	YLQPRTFLL	same
7pbe	I	CVVNINTDKLIF	YLQPRTFLL	YLQPRTFLL	same
7pbe	E	CASSSANSGELFF	YLQPRTFLL	YLQPRTFLL	same
7pbe	J	CASSSANSGELFF	YLQPRTFLL	YLQPRTFLL	same
7phr	A	CATDGSTPMQF	YLEPGPVTV	YLEPGPVTV	same
7phr	B	CASSWGAPYEQYF	YLEPGPVTV	YLEPGPVTV	same
7q99	D	CAVNVAGKSTF	AAGIGILTV	NLSALGIFST	different
7q99	D	CAVNVAGKSTF	NLSALGIFST	NLSALGIFST	same
7q99	D	CAVNVAGKSTF	LLLGIGILVL	NLSALGIFST	different
7q99	D	CAVNVAGKSTF	ELAGIGILTV	NLSALGIFST	different
7q99	D	CAVNVAGKSTF	EAAGIGILTV	NLSALGIFST	different
7q99	E	CAWSETGLGTGELFF	AAGIGILTV	NLSALGIFST	different
7q99	E	CAWSETGLGTGELFF	NLSALGIFST	NLSALGIFST	same
7q99	E	CAWSETGLGTGELFF	LLLGIGILVL	NLSALGIFST	different
7q99	E	CAWSETGLGTGELFF	ELAGIGILTV	NLSALGIFST	different
7q99	E	CAWSETGLGTGELFF	EAAGIGILTV	NLSALGIFST	different
7q9a	D	CAVNVAGKSTF	AAGIGILTV	LLLGIGILVL	different
7q9a	D	CAVNVAGKSTF	NLSALGIFST	LLLGIGILVL	different
7q9a	D	CAVNVAGKSTF	LLLGIGILVL	LLLGIGILVL	same
7q9a	D	CAVNVAGKSTF	ELAGIGILTV	LLLGIGILVL	different
7q9a	D	CAVNVAGKSTF	EAAGIGILTV	LLLGIGILVL	different
7q9a	E	CAWSETGLGTGELFF	AAGIGILTV	LLLGIGILVL	different
7q9a	E	CAWSETGLGTGELFF	NLSALGIFST	LLLGIGILVL	different
7q9a	E	CAWSETGLGTGELFF	LLLGIGILVL	LLLGIGILVL	same
7q9a	E	CAWSETGLGTGELFF	ELAGIGILTV	LLLGIGILVL	different
7q9a	E	CAWSETGLGTGELFF	EAAGIGILTV	LLLGIGILVL	different
7qpj	A	CAVRGTGRRALTF	GLYDGMEHL	GLYDGMEHL	same
7qpj	B	CASSFATEAFF	GLYDGMEHL	GLYDGMEHL	same
7r80	A	CAQLNQAGTALIF	QASQEVKNW	QASQEVKNW	same
7r80	B	CASSYGTGINYGYTF	QASQEVKNW	QASQEVKNW	same
7rdv	C	CAASDDNNNRIFF	EGRVRVNSAYQS	EGRVRVNSAYQS	same
7rdv	D	CASGGQSNERLFF	EGRVRVNSAYQS	EGRVRVNSAYQS	same
7rk7	E	CAISPTEEGGLIFPGNTIYF	YMDGTMSQV	YMDGTMSQV	same
7rm4	E	CALDIYPHDMRF	HMTEVVRHC	HMTEVVRHC	same
7rm4	J	CALDIYPHDMRF	HMTEVVRHC	HMTEVVRHC	same
7rm4	O	CALDIYPHDMRF	HMTEVVRHC	HMTEVVRHC	same
7rm4	T	CALDIYPHDMRF	HMTEVVRHC	HMTEVVRHC	same
7rm4	D	CASSLDPGDTGELFF	HMTEVVRHC	HMTEVVRHC	same
7rm4	I	CASSLDPGDTGELFF	HMTEVVRHC	HMTEVVRHC	same
7rm4	N	CASSLDPGDTGELFF	HMTEVVRHC	HMTEVVRHC	same
7rm4	S	CASSLDPGDTGELFF	HMTEVVRHC	HMTEVVRHC	same
7rrg	E	CASSLVAETYEQYF	ALHGGWTTK	ALHGGWTTK	same
7rtr	E	CASSPDIEQYF	YLQPRTFLL	YLQPRTFLL	same
7rtr	D	CAVNRDDKIIF	GILGFVFTL	YLQPRTFLL	different
7rtr	D	CAVNRDDKIIF	YLQPRTFLL	YLQPRTFLL	same
7sg0	D	CALSGGTSYGKLTF	QPFPQPEQPFP	QPFPQPEQPFP	same
7sg0	E	CASSQGQDTEAFF	QLQPFPQPELPY	QPFPQPEQPFP	different
7sg0	E	CASSQGQDTEAFF	QPFPQPEQPFP	QPFPQPEQPFP	same
7sg1	E	CSVALGSDTGELFF	LQPFPQPELPYGSGGS	QPFPQPELPYGSGGS	different
7sg1	J	CSVALGSDTGELFF	LQPFPQPELPYGSGGS	QPFPQPELPYGSGGS	different
7sg2	E	CSVALGSDTGELFF	LQPFPQPELPYGSGGS	QPFPQPEQPFPGS	different
7sg2	J	CSVALGSDTGELFF	LQPFPQPELPYGSGGS	QPFPQPEQPFPGS	different
7su9	E	CASSLGEGRVDGYTF	GADGVGKSL	GADGVGKSL	same
7t2b	D	CATDKKGGATNKLIF	ATGLAWEWWRTVYE	ATGLAWEWWRTVYE	same
7t2b	I	CATDKKGGATNKLIF	ATGLAWEWWRTVYE	ATGLAWEWWRTVYE	same
7t2b	N	CATDKKGGATNKLIF	ATGLAWEWWRTVYE	ATGLAWEWWRTVYE	same
7t2b	S	CATDKKGGATNKLIF	ATGLAWEWWRTVYE	ATGLAWEWWRTVYE	same
7t2b	E	CASSQGGGEQYF	ATGLAWEWWRTVYE	ATGLAWEWWRTVYE	same
7t2b	J	CASSQGGGEQYF	ATGLAWEWWRTVYE	ATGLAWEWWRTVYE	same
7t2b	O	CASSQGGGEQYF	ATGLAWEWWRTVYE	ATGLAWEWWRTVYE	same
7t2b	T	CASSQGGGEQYF	ATGLAWEWWRTVYE	ATGLAWEWWRTVYE	same
7t2d	D	CALSGSARQLTF	ATGLAWEWWRTVYE	ATGLAWEWWRTVYE	same
7t2d	I	CALSGSARQLTF	ATGLAWEWWRTVYE	ATGLAWEWWRTVYE	same
7t2d	N	CALSGSARQLTF	ATGLAWEWWRTVYE	ATGLAWEWWRTVYE	same
7t2d	S	CALSGSARQLTF	ATGLAWEWWRTVYE	ATGLAWEWWRTVYE	same
7t2d	E	CASSHREGETQYF	ATGLAWEWWRTVYE	ATGLAWEWWRTVYE	same
7t2d	J	CASSHREGETQYF	ATGLAWEWWRTVYE	ATGLAWEWWRTVYE	same
7t2d	O	CASSHREGETQYF	ATGLAWEWWRTVYE	ATGLAWEWWRTVYE	same
7t2d	T	CASSHREGETQYF	ATGLAWEWWRTVYE	ATGLAWEWWRTVYE	same
7z50	G	CAASVRNYKYVF	LQTLALEVEDDPC	LQTLALEVEDDPC	same
7z50	H	CAASVRNYKYVF	LQTLALEVEDDPC	LQTLALEVEDDPC	same
7z50	E	CASSRQGQNTLYF	LQTLALEVEDDPC	LQTLALEVEDDPC	same
7z50	F	CASSRQGQNTLYF	LQTLALEVEDDPC	LQTLALEVEDDPC	same
8cx4	D	CAVNSPGSGAGSYQLTF	LRVMMLAPF	LRVMMLAPF	same
8cx4	F	CASSVGTYSTDTQYF	LRVMMLAPF	LRVMMLAPF	same
8en8	D	CAADGGAGSYQLTF	LPFEKSTIM	LPFDKSTIM	different
8en8	D	CAADGGAGSYQLTF	LPFDKATIM	LPFDKSTIM	different
8en8	D	CAADGGAGSYQLTF	LPFEKSTVM	LPFDKSTIM	different
8en8	D	CAADGGAGSYQLTF	LPFDKTTIM	LPFDKSTIM	different
8en8	D	CAADGGAGSYQLTF	LPFDKPTIM	LPFDKSTIM	different
8en8	D	CAADGGAGSYQLTF	LPFDKSTIM	LPFDKSTIM	same
8en8	I	CAADGGAGSYQLTF	LPFEKSTIM	LPFDKSTIM	different
8en8	I	CAADGGAGSYQLTF	LPFDKATIM	LPFDKSTIM	different
8en8	I	CAADGGAGSYQLTF	LPFEKSTVM	LPFDKSTIM	different
8en8	I	CAADGGAGSYQLTF	LPFDKTTIM	LPFDKSTIM	different
8en8	I	CAADGGAGSYQLTF	LPFDKPTIM	LPFDKSTIM	different
8en8	I	CAADGGAGSYQLTF	LPFDKSTIM	LPFDKSTIM	same
8enh	D	CAADGGAGSYQLTF	LPFEKSTIM	LPFEKSTIM	same
8enh	D	CAADGGAGSYQLTF	LPFDKATIM	LPFEKSTIM	different
8enh	D	CAADGGAGSYQLTF	LPFEKSTVM	LPFEKSTIM	different
8enh	D	CAADGGAGSYQLTF	LPFDKTTIM	LPFEKSTIM	different
8enh	D	CAADGGAGSYQLTF	LPFDKPTIM	LPFEKSTIM	different
8enh	D	CAADGGAGSYQLTF	LPFDKSTIM	LPFEKSTIM	different
8enh	I	CAADGGAGSYQLTF	LPFEKSTIM	LPFEKSTIM	same
8enh	I	CAADGGAGSYQLTF	LPFDKATIM	LPFEKSTIM	different
8enh	I	CAADGGAGSYQLTF	LPFEKSTVM	LPFEKSTIM	different
8enh	I	CAADGGAGSYQLTF	LPFDKTTIM	LPFEKSTIM	different
8enh	I	CAADGGAGSYQLTF	LPFDKPTIM	LPFEKSTIM	different
8enh	I	CAADGGAGSYQLTF	LPFDKSTIM	LPFEKSTIM	different
8enh	N	CAADGGAGSYQLTF	LPFEKSTIM	LPFEKSTIM	same
8enh	N	CAADGGAGSYQLTF	LPFDKATIM	LPFEKSTIM	different
8enh	N	CAADGGAGSYQLTF	LPFEKSTVM	LPFEKSTIM	different
8enh	N	CAADGGAGSYQLTF	LPFDKTTIM	LPFEKSTIM	different
8enh	N	CAADGGAGSYQLTF	LPFDKPTIM	LPFEKSTIM	different
8enh	N	CAADGGAGSYQLTF	LPFDKSTIM	LPFEKSTIM	different
8enh	S	CAADGGAGSYQLTF	LPFEKSTIM	LPFEKSTIM	same
8enh	S	CAADGGAGSYQLTF	LPFDKATIM	LPFEKSTIM	different
8enh	S	CAADGGAGSYQLTF	LPFEKSTVM	LPFEKSTIM	different
8enh	S	CAADGGAGSYQLTF	LPFDKTTIM	LPFEKSTIM	different
8enh	S	CAADGGAGSYQLTF	LPFDKPTIM	LPFEKSTIM	different
8enh	S	CAADGGAGSYQLTF	LPFDKSTIM	LPFEKSTIM	different
8eo8	D	CAADGGAGSYQLTF	LPFEKSTIM	LPFDKATIM	different
8eo8	D	CAADGGAGSYQLTF	LPFDKATIM	LPFDKATIM	same
8eo8	D	CAADGGAGSYQLTF	LPFEKSTVM	LPFDKATIM	different
8eo8	D	CAADGGAGSYQLTF	LPFDKTTIM	LPFDKATIM	different
8eo8	D	CAADGGAGSYQLTF	LPFDKPTIM	LPFDKATIM	different
8eo8	D	CAADGGAGSYQLTF	LPFDKSTIM	LPFDKATIM	different
8eo8	I	CAADGGAGSYQLTF	LPFEKSTIM	LPFDKATIM	different
8eo8	I	CAADGGAGSYQLTF	LPFDKATIM	LPFDKATIM	same
8eo8	I	CAADGGAGSYQLTF	LPFEKSTVM	LPFDKATIM	different
8eo8	I	CAADGGAGSYQLTF	LPFDKTTIM	LPFDKATIM	different
8eo8	I	CAADGGAGSYQLTF	LPFDKPTIM	LPFDKATIM	different
8eo8	I	CAADGGAGSYQLTF	LPFDKSTIM	LPFDKATIM	different
8eo8	N	CAADGGAGSYQLTF	LPFEKSTIM	LPFDKATIM	different
8eo8	N	CAADGGAGSYQLTF	LPFDKATIM	LPFDKATIM	same
8eo8	N	CAADGGAGSYQLTF	LPFEKSTVM	LPFDKATIM	different
8eo8	N	CAADGGAGSYQLTF	LPFDKTTIM	LPFDKATIM	different
8eo8	N	CAADGGAGSYQLTF	LPFDKPTIM	LPFDKATIM	different
8eo8	N	CAADGGAGSYQLTF	LPFDKSTIM	LPFDKATIM	different
8eo8	S	CAADGGAGSYQLTF	LPFEKSTIM	LPFDKATIM	different
8eo8	S	CAADGGAGSYQLTF	LPFDKATIM	LPFDKATIM	same
8eo8	S	CAADGGAGSYQLTF	LPFEKSTVM	LPFDKATIM	different
8eo8	S	CAADGGAGSYQLTF	LPFDKTTIM	LPFDKATIM	different
8eo8	S	CAADGGAGSYQLTF	LPFDKPTIM	LPFDKATIM	different
8eo8	S	CAADGGAGSYQLTF	LPFDKSTIM	LPFDKATIM	different
8es9	A	CAVQPLNAGNNRKLIW	GVYDGREHTV	GVYDGREHTV	same
8f5a	C	CAVTLNNNAGNMLTF	TSTLQEQIGW	TSTLQEQIGW	same
8f5a	C	CAVTLNNNAGNMLTF	NLVPMVATV	TSTLQEQIGW	different
8f5a	D	CASSVGGTEAFF	TSTLQEQIGW	TSTLQEQIGW	same
8gom	D	CASSGNTPLVF	RLQSLQTYV	RLQSLQTYV	same
8gon	D	CASSGNTPLVF	RLQSLQTYV	RLQSLQIYV	different
8gvb	A	CAVGFTGGGNKLTF	RYPLTFGW	RYPLTFGW	same
8gvb	A	CAVGFTGGGNKLTF	RFPLTFGW	RYPLTFGW	different
8gvb	B	CASSDRDRVPETQYF	RYPLTFGW	RYPLTFGW	same
8gvb	B	CASSDRDRVPETQYF	RFPLTFGW	RYPLTFGW	different
8gvg	A	CAVGFTGGGNKLTF	RYPLTFGW	RFPLTFGW	different
8gvg	A	CAVGFTGGGNKLTF	RFPLTFGW	RFPLTFGW	same
8gvg	B	CASSDRDRVPETQYF	RYPLTFGW	RFPLTFGW	different
8gvg	B	CASSDRDRVPETQYF	RFPLTFGW	RFPLTFGW	same
8gvi	A	CAVVFTGGGNKLTF	RYPLTFGW	RYPLTFGW	same
8gvi	B	CASSLRDRVPETQYF	RYPLTFGW	RYPLTFGW	same
8i5c	D	CAARDSNYQLIW	VVGAVGVGK	VVGAVGVGK	same
8i5c	I	CAARDSNYQLIW	VVGAVGVGK	VVGAVGVGK	same
8i5c	N	CAARDSNYQLIW	VVGAVGVGK	VVGAVGVGK	same
8i5c	S	CAARDSNYQLIW	VVGAVGVGK	VVGAVGVGK	same
8i5c	X	CAARDSNYQLIW	VVGAVGVGK	VVGAVGVGK	same
8i5c	c	CAARDSNYQLIW	VVGAVGVGK	VVGAVGVGK	same
8i5c	h	CAARDSNYQLIW	VVGAVGVGK	VVGAVGVGK	same
8i5c	m	CAARDSNYQLIW	VVGAVGVGK	VVGAVGVGK	same
8i5c	r	CAARDSNYQLIW	VVGAVGVGK	VVGAVGVGK	same
8i5c	w	CAARDSNYQLIW	VVGAVGVGK	VVGAVGVGK	same
8i5c	E	CASGDTGGYEQYF	VVGAVGVGK	VVGAVGVGK	same
8i5c	J	CASGDTGGYEQYF	VVGAVGVGK	VVGAVGVGK	same
8i5c	O	CASGDTGGYEQYF	VVGAVGVGK	VVGAVGVGK	same
8i5c	T	CASGDTGGYEQYF	VVGAVGVGK	VVGAVGVGK	same
8i5c	Y	CASGDTGGYEQYF	VVGAVGVGK	VVGAVGVGK	same
8i5c	d	CASGDTGGYEQYF	VVGAVGVGK	VVGAVGVGK	same
8i5c	i	CASGDTGGYEQYF	VVGAVGVGK	VVGAVGVGK	same
8i5c	n	CASGDTGGYEQYF	VVGAVGVGK	VVGAVGVGK	same
8i5c	s	CASGDTGGYEQYF	VVGAVGVGK	VVGAVGVGK	same
8i5c	x	CASGDTGGYEQYF	VVGAVGVGK	VVGAVGVGK	same
8i5d	A	CAASSGSWQLIF	VVGAVGVGK	VVGAVGVGK	same
8i5d	B	CASSLEGTVEETLYF	VVGAVGVGK	VVGAVGVGK	same
8pjg	D	CAVSEQDDKIIF	PKYVKQNTLKLAT	PKYVKQNTLKLAR	different
8pjg	D	CAVSEQDDKIIF	PKYVKQNTLKLAR	PKYVKQNTLKLAR	same
8pjg	E	CATSDESYGYTF	PKYVKQNTLKLAT	PKYVKQNTLKLAR	different
8pjg	E	CATSDESYGYTF	PKYVKQNTLKLAR	PKYVKQNTLKLAR	same
8vcx	E	CASSLERETQYF	GQVELGGGSSPETCI	GQVELGGGPGAESCQ	different
8vcx	E	CASSLERETQYF	GQVELGGGPGAESCQ	GQVELGGGPGAESCQ	same
8vcx	E	CASSLERETQYF	GQVELGGGNAVEVCKGS	GQVELGGGPGAESCQ	different
8vcx	E	CASSLERETQYF	GQVELGGGNAVEVCK	GQVELGGGPGAESCQ	different
8vcy	E	CASSLERETQYF	GQVELGGGSSPETCI	GQVELGGGSSPETCI	same
8vcy	E	CASSLERETQYF	GQVELGGGPGAESCQ	GQVELGGGSSPETCI	different
8vcy	E	CASSLERETQYF	GQVELGGGNAVEVCKGS	GQVELGGGSSPETCI	different
8vcy	E	CASSLERETQYF	GQVELGGGNAVEVCK	GQVELGGGSSPETCI	different
8vd2	E	CASSLRRGDTIYF	GQVELGGGNAVEVCK	GQVELGGGTPIESC	different
8vd2	E	CASSLRRGDTIYF	GQVELGGGTPIESCQ	GQVELGGGTPIESC	different
8wte	A	CAARSSGSWQLIF	VVGAVGVGK	VVGAVGVGK	same
8wte	C	CAARSSGSWQLIF	VVGAVGVGK	VVGAVGVGK	same
8wte	B	CASSQDRGDSAETLYF	VVGAVGVGK	VVGAVGVGK	same
8wte	D	CASSQDRGDSAETLYF	VVGAVGVGK	VVGAVGVGK	same
8wul	C	CAARSSGSWQLIF	VVGAVGVGK	VVGAVGVGK	same
8wul	A	CAARSSGSWQLIF	VVGAVGVGK	VVGAVGVGK	same
8wul	E	CAARSSGSWQLIF	VVGAVGVGK	VVGAVGVGK	same
8wul	G	CAARSSGSWQLIF	VVGAVGVGK	VVGAVGVGK	same
8wul	D	CASSQDRGDSAHTLYF	VVGAVGVGK	VVGAVGVGK	same
8wul	B	CASSQDRGDSAHTLYF	VVGAVGVGK	VVGAVGVGK	same
8wul	F	CASSQDRGDSAHTLYF	VVGAVGVGK	VVGAVGVGK	same
8wul	H	CASSQDRGDSAHTLYF	VVGAVGVGK	VVGAVGVGK	same
8ye4	H	CASSETGGYEQYF	NYNYLYRLF	NYNYLYRLF	same
8ye4	J	CASSETGGYEQYF	NYNYLYRLF	NYNYLYRLF	same
8ye4	G	CVVNAHSGAGSYQLTF	NYNYLYRLF	NYNYLYRLF	same
8ye4	I	CVVNAHSGAGSYQLTF	NYNYLYRLF	NYNYLYRLF	same
